
> order-management-system@0.0.1 start:dev
> nest start --watch

[2J[3J[H[[90m18:31:32[0m] Starting compilation in watch mode...

[[90m18:31:40[0m] Found 0 errors. Watching for file changes.

objc[37857]: Class GNotificationCenterDelegate is implemented in both /Users/libiqiang/Documents/workspace/Tigshop/nest/node_modules/canvas/build/Release/libgio-2.0.0.dylib (0x11ec8c4b8) and /Users/libiqiang/Documents/workspace/Tigshop/nest/node_modules/@img/sharp-libvips-darwin-arm64/lib/libvips-cpp.8.17.2.dylib (0x129d31af8). One of the two will be used. Which one is undefined.
[95m[Nest] 37857  - [39m2025/09/28 18:31:41 [95m  DEBUG[39m [38;5;3m[Application] [39m[95m1111[39m
[32m[Nest] 37857  - [39m2025/09/28 18:31:41 [32m    LOG[39m [38;5;3m[NestFactory] [39m[32mStarting Nest application...[39m[38;5;3m +1ms[39m
[95m[Nest] 37857  - [39m2025/09/28 18:31:41 [95m  DEBUG[39m [38;5;3m[PrismaService] [39m[95m🚨 PrismaService 被实例化！[39m
[95m[Nest] 37857  - [39m2025/09/28 18:31:41 [95m  DEBUG[39m [38;5;3m[PrismaService] [39m[95m调用栈:
    at new PrismaService (/Users/libiqiang/Documents/workspace/Tigshop/nest/src/prisma/prisma.service.ts:21:20)[39m
[95m[Nest] 37857  - [39m2025/09/28 18:31:41 [95m  DEBUG[39m [38;5;3m[PrismaService] [39m[95m🚨 PrismaService 被实例化！[39m
[95m[Nest] 37857  - [39m2025/09/28 18:31:41 [95m  DEBUG[39m [38;5;3m[PrismaService] [39m[95m调用栈:
    at new PrismaService (/Users/libiqiang/Documents/workspace/Tigshop/nest/src/prisma/prisma.service.ts:21:20)[39m
[95m[Nest] 37857  - [39m2025/09/28 18:31:41 [95m  DEBUG[39m [38;5;3m[PrismaService] [39m[95m🚨 PrismaService 被实例化！[39m
[95m[Nest] 37857  - [39m2025/09/28 18:31:41 [95m  DEBUG[39m [38;5;3m[PrismaService] [39m[95m调用栈:
    at new PrismaService (/Users/libiqiang/Documents/workspace/Tigshop/nest/src/prisma/prisma.service.ts:21:20)[39m
[32m[Nest] 37857  - [39m2025/09/28 18:31:41 [32m    LOG[39m [38;5;3m[InstanceLoader] [39m[32mPrismaModule dependencies initialized[39m[38;5;3m +12ms[39m
[32m[Nest] 37857  - [39m2025/09/28 18:31:41 [32m    LOG[39m [38;5;3m[InstanceLoader] [39m[32mMulterModule dependencies initialized[39m[38;5;3m +0ms[39m
[32m[Nest] 37857  - [39m2025/09/28 18:31:41 [32m    LOG[39m [38;5;3m[InstanceLoader] [39m[32mRedisModule dependencies initialized[39m[38;5;3m +0ms[39m
[32m[Nest] 37857  - [39m2025/09/28 18:31:41 [32m    LOG[39m [38;5;3m[InstanceLoader] [39m[32mPassportModule dependencies initialized[39m[38;5;3m +0ms[39m
[32m[Nest] 37857  - [39m2025/09/28 18:31:41 [32m    LOG[39m [38;5;3m[InstanceLoader] [39m[32mFinanceModule dependencies initialized[39m[38;5;3m +1ms[39m
[32m[Nest] 37857  - [39m2025/09/28 18:31:41 [32m    LOG[39m [38;5;3m[InstanceLoader] [39m[32mContentModule dependencies initialized[39m[38;5;3m +0ms[39m
[32m[Nest] 37857  - [39m2025/09/28 18:31:41 [32m    LOG[39m [38;5;3m[InstanceLoader] [39m[32mJwtModule dependencies initialized[39m[38;5;3m +32ms[39m
[32m[Nest] 37857  - [39m2025/09/28 18:31:41 [32m    LOG[39m [38;5;3m[InstanceLoader] [39m[32mJwtModule dependencies initialized[39m[38;5;3m +0ms[39m
[32m[Nest] 37857  - [39m2025/09/28 18:31:41 [32m    LOG[39m [38;5;3m[InstanceLoader] [39m[32mHttpModule dependencies initialized[39m[38;5;3m +1ms[39m
[32m[Nest] 37857  - [39m2025/09/28 18:31:41 [32m    LOG[39m [38;5;3m[InstanceLoader] [39m[32mLoggerModule dependencies initialized[39m[38;5;3m +0ms[39m
[32m[Nest] 37857  - [39m2025/09/28 18:31:41 [32m    LOG[39m [38;5;3m[InstanceLoader] [39m[32mConfigHostModule dependencies initialized[39m[38;5;3m +0ms[39m
[32m[Nest] 37857  - [39m2025/09/28 18:31:41 [32m    LOG[39m [38;5;3m[InstanceLoader] [39m[32mDiscoveryModule dependencies initialized[39m[38;5;3m +2ms[39m
[32m[Nest] 37857  - [39m2025/09/28 18:31:41 [32m    LOG[39m [38;5;3m[InstanceLoader] [39m[32mRefundLogModule dependencies initialized[39m[38;5;3m +0ms[39m
[32m[Nest] 37857  - [39m2025/09/28 18:31:41 [32m    LOG[39m [38;5;3m[InstanceLoader] [39m[32mMerchantModule dependencies initialized[39m[38;5;3m +0ms[39m
[32m[Nest] 37857  - [39m2025/09/28 18:31:41 [32m    LOG[39m [38;5;3m[InstanceLoader] [39m[32mConfigModule dependencies initialized[39m[38;5;3m +1ms[39m
[32m[Nest] 37857  - [39m2025/09/28 18:31:41 [32m    LOG[39m [38;5;3m[InstanceLoader] [39m[32mConfigModule dependencies initialized[39m[38;5;3m +1ms[39m
[32m[Nest] 37857  - [39m2025/09/28 18:31:41 [32m    LOG[39m [38;5;3m[InstanceLoader] [39m[32mConfigModule dependencies initialized[39m[38;5;3m +0ms[39m
[32m[Nest] 37857  - [39m2025/09/28 18:31:41 [32m    LOG[39m [38;5;3m[InstanceLoader] [39m[32mRecommendModule dependencies initialized[39m[38;5;3m +0ms[39m
[32m[Nest] 37857  - [39m2025/09/28 18:31:41 [32m    LOG[39m [38;5;3m[InstanceLoader] [39m[32mHomeModule dependencies initialized[39m[38;5;3m +0ms[39m
[32m[Nest] 37857  - [39m2025/09/28 18:31:41 [32m    LOG[39m [38;5;3m[InstanceLoader] [39m[32mScheduleModule dependencies initialized[39m[38;5;3m +1ms[39m
[32m[Nest] 37857  - [39m2025/09/28 18:31:41 [32m    LOG[39m [38;5;3m[InstanceLoader] [39m[32mUserCompanyModule dependencies initialized[39m[38;5;3m +3ms[39m
[32m[Nest] 37857  - [39m2025/09/28 18:31:41 [32m    LOG[39m [38;5;3m[InstanceLoader] [39m[32mUserRankModule dependencies initialized[39m[38;5;3m +0ms[39m
[32m[Nest] 37857  - [39m2025/09/28 18:31:41 [32m    LOG[39m [38;5;3m[InstanceLoader] [39m[32mUserPointsLogModule dependencies initialized[39m[38;5;3m +0ms[39m
[32m[Nest] 37857  - [39m2025/09/28 18:31:41 [32m    LOG[39m [38;5;3m[InstanceLoader] [39m[32mUserMessageLogModule dependencies initialized[39m[38;5;3m +0ms[39m
[32m[Nest] 37857  - [39m2025/09/28 18:31:41 [32m    LOG[39m [38;5;3m[InstanceLoader] [39m[32mRegionModule dependencies initialized[39m[38;5;3m +0ms[39m
[32m[Nest] 37857  - [39m2025/09/28 18:31:41 [32m    LOG[39m [38;5;3m[InstanceLoader] [39m[32mAccountPanelModule dependencies initialized[39m[38;5;3m +0ms[39m
[32m[Nest] 37857  - [39m2025/09/28 18:31:41 [32m    LOG[39m [38;5;3m[InstanceLoader] [39m[32mOrderInvoiceModule dependencies initialized[39m[38;5;3m +0ms[39m
[32m[Nest] 37857  - [39m2025/09/28 18:31:41 [32m    LOG[39m [38;5;3m[InstanceLoader] [39m[32mPaylogModule dependencies initialized[39m[38;5;3m +1ms[39m
[32m[Nest] 37857  - [39m2025/09/28 18:31:41 [32m    LOG[39m [38;5;3m[InstanceLoader] [39m[32mArticleModule dependencies initialized[39m[38;5;3m +0ms[39m
[32m[Nest] 37857  - [39m2025/09/28 18:31:41 [32m    LOG[39m [38;5;3m[InstanceLoader] [39m[32mMailModule dependencies initialized[39m[38;5;3m +1ms[39m
[32m[Nest] 37857  - [39m2025/09/28 18:31:41 [32m    LOG[39m [38;5;3m[InstanceLoader] [39m[32mStatisticsModule dependencies initialized[39m[38;5;3m +0ms[39m
[32m[Nest] 37857  - [39m2025/09/28 18:31:41 [32m    LOG[39m [38;5;3m[InstanceLoader] [39m[32mBalanceModule dependencies initialized[39m[38;5;3m +1ms[39m
[32m[Nest] 37857  - [39m2025/09/28 18:31:41 [32m    LOG[39m [38;5;3m[InstanceLoader] [39m[32mRedisCoreModule dependencies initialized[39m[38;5;3m +0ms[39m
[32m[Nest] 37857  - [39m2025/09/28 18:31:41 [32m    LOG[39m [38;5;3m[InstanceLoader] [39m[32mConfigModule dependencies initialized[39m[38;5;3m +1ms[39m
[32m[Nest] 37857  - [39m2025/09/28 18:31:41 [32m    LOG[39m [38;5;3m[InstanceLoader] [39m[32mWechatModule dependencies initialized[39m[38;5;3m +0ms[39m
[32m[Nest] 37857  - [39m2025/09/28 18:31:41 [32m    LOG[39m [38;5;3m[InstanceLoader] [39m[32mPromotionModule dependencies initialized[39m[38;5;3m +0ms[39m
[95m[Nest] 37857  - [39m2025/09/28 18:31:41 [95m  DEBUG[39m [38;5;3m[JwtStrategy] [39m[95mJWT Strategy initialized with secret: your-secret-key[39m
[32m[Nest] 37857  - [39m2025/09/28 18:31:41 [32m    LOG[39m [38;5;3m[InstanceLoader] [39m[32mUserMessageModule dependencies initialized[39m[38;5;3m +0ms[39m
[32m[Nest] 37857  - [39m2025/09/28 18:31:41 [32m    LOG[39m [38;5;3m[InstanceLoader] [39m[32mSettingModule dependencies initialized[39m[38;5;3m +0ms[39m
[32m[Nest] 37857  - [39m2025/09/28 18:31:41 [32m    LOG[39m [38;5;3m[InstanceLoader] [39m[32mAddressModule dependencies initialized[39m[38;5;3m +1ms[39m
[32m[Nest] 37857  - [39m2025/09/28 18:31:41 [32m    LOG[39m [38;5;3m[InstanceLoader] [39m[32mFavoriteModule dependencies initialized[39m[38;5;3m +0ms[39m
[32m[Nest] 37857  - [39m2025/09/28 18:31:41 [32m    LOG[39m [38;5;3m[InstanceLoader] [39m[32mCollectModule dependencies initialized[39m[38;5;3m +0ms[39m
[32m[Nest] 37857  - [39m2025/09/28 18:31:41 [32m    LOG[39m [38;5;3m[InstanceLoader] [39m[32mUserCouponModule dependencies initialized[39m[38;5;3m +0ms[39m
[32m[Nest] 37857  - [39m2025/09/28 18:31:41 [32m    LOG[39m [38;5;3m[InstanceLoader] [39m[32mUserHistoryModule dependencies initialized[39m[38;5;3m +0ms[39m
[32m[Nest] 37857  - [39m2025/09/28 18:31:41 [32m    LOG[39m [38;5;3m[InstanceLoader] [39m[32mFeedbackModule dependencies initialized[39m[38;5;3m +0ms[39m
[32m[Nest] 37857  - [39m2025/09/28 18:31:41 [32m    LOG[39m [38;5;3m[InstanceLoader] [39m[32mCommentModule dependencies initialized[39m[38;5;3m +0ms[39m
[32m[Nest] 37857  - [39m2025/09/28 18:31:41 [32m    LOG[39m [38;5;3m[InstanceLoader] [39m[32mSkuModule dependencies initialized[39m[38;5;3m +0ms[39m
[32m[Nest] 37857  - [39m2025/09/28 18:31:41 [32m    LOG[39m [38;5;3m[InstanceLoader] [39m[32mCartModule dependencies initialized[39m[38;5;3m +0ms[39m
[32m[Nest] 37857  - [39m2025/09/28 18:31:41 [32m    LOG[39m [38;5;3m[InstanceLoader] [39m[32mPaymentModule dependencies initialized[39m[38;5;3m +0ms[39m
[32m[Nest] 37857  - [39m2025/09/28 18:31:41 [32m    LOG[39m [38;5;3m[InstanceLoader] [39m[32mCouponModule dependencies initialized[39m[38;5;3m +0ms[39m
[32m[Nest] 37857  - [39m2025/09/28 18:31:41 [32m    LOG[39m [38;5;3m[InstanceLoader] [39m[32mProductTeamModule dependencies initialized[39m[38;5;3m +0ms[39m
[32m[Nest] 37857  - [39m2025/09/28 18:31:41 [32m    LOG[39m [38;5;3m[InstanceLoader] [39m[32mRechargeSettingModule dependencies initialized[39m[38;5;3m +0ms[39m
[32m[Nest] 37857  - [39m2025/09/28 18:31:41 [32m    LOG[39m [38;5;3m[InstanceLoader] [39m[32mTimeDiscountModule dependencies initialized[39m[38;5;3m +0ms[39m
[32m[Nest] 37857  - [39m2025/09/28 18:31:41 [32m    LOG[39m [38;5;3m[InstanceLoader] [39m[32mWechatLiveModule dependencies initialized[39m[38;5;3m +0ms[39m
[32m[Nest] 37857  - [39m2025/09/28 18:31:41 [32m    LOG[39m [38;5;3m[InstanceLoader] [39m[32mAppVersionModule dependencies initialized[39m[38;5;3m +0ms[39m
[32m[Nest] 37857  - [39m2025/09/28 18:31:41 [32m    LOG[39m [38;5;3m[InstanceLoader] [39m[32mShippingTplModule dependencies initialized[39m[38;5;3m +0ms[39m
[32m[Nest] 37857  - [39m2025/09/28 18:31:41 [32m    LOG[39m [38;5;3m[InstanceLoader] [39m[32mShippingTypeModule dependencies initialized[39m[38;5;3m +0ms[39m
[32m[Nest] 37857  - [39m2025/09/28 18:31:41 [32m    LOG[39m [38;5;3m[InstanceLoader] [39m[32mGalleryModule dependencies initialized[39m[38;5;3m +0ms[39m
[32m[Nest] 37857  - [39m2025/09/28 18:31:41 [32m    LOG[39m [38;5;3m[InstanceLoader] [39m[32mFriendLinksModule dependencies initialized[39m[38;5;3m +0ms[39m
[32m[Nest] 37857  - [39m2025/09/28 18:31:41 [32m    LOG[39m [38;5;3m[InstanceLoader] [39m[32mLicensedModule dependencies initialized[39m[38;5;3m +0ms[39m
[32m[Nest] 37857  - [39m2025/09/28 18:31:41 [32m    LOG[39m [38;5;3m[InstanceLoader] [39m[32mUserInvoiceModule dependencies initialized[39m[38;5;3m +0ms[39m
[32m[Nest] 37857  - [39m2025/09/28 18:31:41 [32m    LOG[39m [38;5;3m[InstanceLoader] [39m[32mUserRechargeOrderModule dependencies initialized[39m[38;5;3m +0ms[39m
[32m[Nest] 37857  - [39m2025/09/28 18:31:41 [32m    LOG[39m [38;5;3m[InstanceLoader] [39m[32mUserWithdrawApplyModule dependencies initialized[39m[38;5;3m +0ms[39m
[32m[Nest] 37857  - [39m2025/09/28 18:31:41 [32m    LOG[39m [38;5;3m[InstanceLoader] [39m[32mRefundApplyModule dependencies initialized[39m[38;5;3m +0ms[39m
[32m[Nest] 37857  - [39m2025/09/28 18:31:41 [32m    LOG[39m [38;5;3m[InstanceLoader] [39m[32mUserBalanceLogModule dependencies initialized[39m[38;5;3m +0ms[39m
[32m[Nest] 37857  - [39m2025/09/28 18:31:41 [32m    LOG[39m [38;5;3m[InstanceLoader] [39m[32mStatementModule dependencies initialized[39m[38;5;3m +0ms[39m
[32m[Nest] 37857  - [39m2025/09/28 18:31:41 [32m    LOG[39m [38;5;3m[InstanceLoader] [39m[32mArticleCategoryModule dependencies initialized[39m[38;5;3m +0ms[39m
[32m[Nest] 37857  - [39m2025/09/28 18:31:41 [32m    LOG[39m [38;5;3m[InstanceLoader] [39m[32mHomeModule dependencies initialized[39m[38;5;3m +0ms[39m
[32m[Nest] 37857  - [39m2025/09/28 18:31:41 [32m    LOG[39m [38;5;3m[InstanceLoader] [39m[32mShareModule dependencies initialized[39m[38;5;3m +0ms[39m
[32m[Nest] 37857  - [39m2025/09/28 18:31:41 [32m    LOG[39m [38;5;3m[InstanceLoader] [39m[32mNotificationModule dependencies initialized[39m[38;5;3m +0ms[39m
[32m[Nest] 37857  - [39m2025/09/28 18:31:41 [32m    LOG[39m [38;5;3m[InstanceLoader] [39m[32mAppointmentModule dependencies initialized[39m[38;5;3m +0ms[39m
[32m[Nest] 37857  - [39m2025/09/28 18:31:41 [32m    LOG[39m [38;5;3m[InstanceLoader] [39m[32mDecorateModule dependencies initialized[39m[38;5;3m +0ms[39m
[32m[Nest] 37857  - [39m2025/09/28 18:31:41 [32m    LOG[39m [38;5;3m[InstanceLoader] [39m[32mAuthorityModule dependencies initialized[39m[38;5;3m +0ms[39m
[32m[Nest] 37857  - [39m2025/09/28 18:31:41 [32m    LOG[39m [38;5;3m[InstanceLoader] [39m[32mMerchantShopModule dependencies initialized[39m[38;5;3m +0ms[39m
[32m[Nest] 37857  - [39m2025/09/28 18:31:41 [32m    LOG[39m [38;5;3m[InstanceLoader] [39m[32mTipsManageModule dependencies initialized[39m[38;5;3m +0ms[39m
[32m[Nest] 37857  - [39m2025/09/28 18:31:41 [32m    LOG[39m [38;5;3m[InstanceLoader] [39m[32mMsgModule dependencies initialized[39m[38;5;3m +0ms[39m
[32m[Nest] 37857  - [39m2025/09/28 18:31:41 [32m    LOG[39m [38;5;3m[InstanceLoader] [39m[32mSmsModule dependencies initialized[39m[38;5;3m +0ms[39m
[32m[Nest] 37857  - [39m2025/09/28 18:31:41 [32m    LOG[39m [38;5;3m[InstanceLoader] [39m[32mEmailModule dependencies initialized[39m[38;5;3m +0ms[39m
[32m[Nest] 37857  - [39m2025/09/28 18:31:41 [32m    LOG[39m [38;5;3m[InstanceLoader] [39m[32mRedisModule dependencies initialized[39m[38;5;3m +0ms[39m
[32m[Nest] 37857  - [39m2025/09/28 18:31:41 [32m    LOG[39m [38;5;3m[InstanceLoader] [39m[32mCsrfModule dependencies initialized[39m[38;5;3m +0ms[39m
[32m[Nest] 37857  - [39m2025/09/28 18:31:41 [32m    LOG[39m [38;5;3m[InstanceLoader] [39m[32mRefundModule dependencies initialized[39m[38;5;3m +0ms[39m
[32m[Nest] 37857  - [39m2025/09/28 18:31:41 [32m    LOG[39m [38;5;3m[InstanceLoader] [39m[32mCommonModule dependencies initialized[39m[38;5;3m +0ms[39m
[32m[Nest] 37857  - [39m2025/09/28 18:31:41 [32m    LOG[39m [38;5;3m[InstanceLoader] [39m[32mProductModule dependencies initialized[39m[38;5;3m +0ms[39m
[32m[Nest] 37857  - [39m2025/09/28 18:31:41 [32m    LOG[39m [38;5;3m[InstanceLoader] [39m[32mPanelModule dependencies initialized[39m[38;5;3m +0ms[39m
[32m[Nest] 37857  - [39m2025/09/28 18:31:41 [32m    LOG[39m [38;5;3m[InstanceLoader] [39m[32mOrderModule dependencies initialized[39m[38;5;3m +0ms[39m
[32m[Nest] 37857  - [39m2025/09/28 18:31:41 [32m    LOG[39m [38;5;3m[InstanceLoader] [39m[32mJwtModule dependencies initialized[39m[38;5;3m +0ms[39m
[32m[Nest] 37857  - [39m2025/09/28 18:31:41 [32m    LOG[39m [38;5;3m[InstanceLoader] [39m[32mAdminModule dependencies initialized[39m[38;5;3m +0ms[39m
[32m[Nest] 37857  - [39m2025/09/28 18:31:41 [32m    LOG[39m [38;5;3m[InstanceLoader] [39m[32mMicroservicesModule dependencies initialized[39m[38;5;3m +0ms[39m
[32m[Nest] 37857  - [39m2025/09/28 18:31:41 [32m    LOG[39m [38;5;3m[InstanceLoader] [39m[32mAuthModule dependencies initialized[39m[38;5;3m +0ms[39m
[32m[Nest] 37857  - [39m2025/09/28 18:31:41 [32m    LOG[39m [38;5;3m[InstanceLoader] [39m[32mVerificationModule dependencies initialized[39m[38;5;3m +0ms[39m
[32m[Nest] 37857  - [39m2025/09/28 18:31:41 [32m    LOG[39m [38;5;3m[InstanceLoader] [39m[32mLoginModule dependencies initialized[39m[38;5;3m +1ms[39m
[32m[Nest] 37857  - [39m2025/09/28 18:31:41 [32m    LOG[39m [38;5;3m[InstanceLoader] [39m[32mUploadModule dependencies initialized[39m[38;5;3m +0ms[39m
[32m[Nest] 37857  - [39m2025/09/28 18:31:41 [32m    LOG[39m [38;5;3m[InstanceLoader] [39m[32mUserAuthModule dependencies initialized[39m[38;5;3m +0ms[39m
[32m[Nest] 37857  - [39m2025/09/28 18:31:41 [32m    LOG[39m [38;5;3m[InstanceLoader] [39m[32mAppModule dependencies initialized[39m[38;5;3m +0ms[39m
[32m[Nest] 37857  - [39m2025/09/28 18:31:41 [32m    LOG[39m [38;5;3m[InstanceLoader] [39m[32mUserModule dependencies initialized[39m[38;5;3m +0ms[39m
[32m[Nest] 37857  - [39m2025/09/28 18:31:41 [32m    LOG[39m [38;5;3m[NestMicroservice] [39m[32mNest microservice successfully started[39m[38;5;3m +66ms[39m
[32m[Nest] 37857  - [39m2025/09/28 18:31:41 [32m    LOG[39m [38;5;3m[Application] [39m[32mMicroservice is running on Redis at localhost:6379[39m
[32m[Nest] 37857  - [39m2025/09/28 18:31:41 [32m    LOG[39m [38;5;3m[RoutesResolver] [39m[32mAppController {/}:[39m[38;5;3m +3ms[39m
[32m[Nest] 37857  - [39m2025/09/28 18:31:41 [32m    LOG[39m [38;5;3m[RouterExplorer] [39m[32mMapped {/, GET} route[39m[38;5;3m +0ms[39m
[32m[Nest] 37857  - [39m2025/09/28 18:31:41 [32m    LOG[39m [38;5;3m[RoutesResolver] [39m[32mUserController {/api/user}:[39m[38;5;3m +0ms[39m
[32m[Nest] 37857  - [39m2025/09/28 18:31:41 [32m    LOG[39m [38;5;3m[RouterExplorer] [39m[32mMapped {/api/user/regist/registAct, POST} route[39m[38;5;3m +1ms[39m
[32m[Nest] 37857  - [39m2025/09/28 18:31:41 [32m    LOG[39m [38;5;3m[RouterExplorer] [39m[32mMapped {/api/user/regist/sendEmailCode, POST} route[39m[38;5;3m +0ms[39m
[32m[Nest] 37857  - [39m2025/09/28 18:31:41 [32m    LOG[39m [38;5;3m[RouterExplorer] [39m[32mMapped {/api/user/user/detail, GET} route[39m[38;5;3m +0ms[39m
[32m[Nest] 37857  - [39m2025/09/28 18:31:41 [32m    LOG[39m [38;5;3m[RouterExplorer] [39m[32mMapped {/api/user/updateInformation, POST} route[39m[38;5;3m +0ms[39m
[32m[Nest] 37857  - [39m2025/09/28 18:31:41 [32m    LOG[39m [38;5;3m[RouterExplorer] [39m[32mMapped {/api/user/modifyPassword, POST} route[39m[38;5;3m +0ms[39m
[32m[Nest] 37857  - [39m2025/09/28 18:31:41 [32m    LOG[39m [38;5;3m[RouterExplorer] [39m[32mMapped {/api/user/modifyMobile, POST} route[39m[38;5;3m +0ms[39m
[32m[Nest] 37857  - [39m2025/09/28 18:31:41 [32m    LOG[39m [38;5;3m[RouterExplorer] [39m[32mMapped {/api/user/modifyEmail, POST} route[39m[38;5;3m +0ms[39m
[32m[Nest] 37857  - [39m2025/09/28 18:31:41 [32m    LOG[39m [38;5;3m[RouterExplorer] [39m[32mMapped {/api/user/memberCenter, GET} route[39m[38;5;3m +0ms[39m
[32m[Nest] 37857  - [39m2025/09/28 18:31:41 [32m    LOG[39m [38;5;3m[RouterExplorer] [39m[32mMapped {/api/user/historyProduct, GET} route[39m[38;5;3m +1ms[39m
[32m[Nest] 37857  - [39m2025/09/28 18:31:41 [32m    LOG[39m [38;5;3m[RouterExplorer] [39m[32mMapped {/api/user/delHistoryProduct, POST} route[39m[38;5;3m +0ms[39m
[32m[Nest] 37857  - [39m2025/09/28 18:31:41 [32m    LOG[39m [38;5;3m[RouterExplorer] [39m[32mMapped {/api/user/uploadImg, POST} route[39m[38;5;3m +0ms[39m
[32m[Nest] 37857  - [39m2025/09/28 18:31:41 [32m    LOG[39m [38;5;3m[RouterExplorer] [39m[32mMapped {/api/user/user/modifyAvatar, POST} route[39m[38;5;3m +0ms[39m
[32m[Nest] 37857  - [39m2025/09/28 18:31:41 [32m    LOG[39m [38;5;3m[RouterExplorer] [39m[32mMapped {/api/user/logout, POST} route[39m[38;5;3m +0ms[39m
[32m[Nest] 37857  - [39m2025/09/28 18:31:41 [32m    LOG[39m [38;5;3m[RouterExplorer] [39m[32mMapped {/api/user/sendMobileCodeByModifyPassword, POST} route[39m[38;5;3m +0ms[39m
[32m[Nest] 37857  - [39m2025/09/28 18:31:41 [32m    LOG[39m [38;5;3m[RouterExplorer] [39m[32mMapped {/api/user/checkModifyPasswordMobileCode, POST} route[39m[38;5;3m +0ms[39m
[32m[Nest] 37857  - [39m2025/09/28 18:31:41 [32m    LOG[39m [38;5;3m[RouterExplorer] [39m[32mMapped {/api/user/account/list, GET} route[39m[38;5;3m +0ms[39m
[32m[Nest] 37857  - [39m2025/09/28 18:31:41 [32m    LOG[39m [38;5;3m[RouterExplorer] [39m[32mMapped {/api/user/levelList, GET} route[39m[38;5;3m +0ms[39m
[32m[Nest] 37857  - [39m2025/09/28 18:31:41 [32m    LOG[39m [38;5;3m[RouterExplorer] [39m[32mMapped {/api/user/levelInfo, GET} route[39m[38;5;3m +0ms[39m
[32m[Nest] 37857  - [39m2025/09/28 18:31:41 [32m    LOG[39m [38;5;3m[RouterExplorer] [39m[32mMapped {/api/user/close, POST} route[39m[38;5;3m +0ms[39m
[32m[Nest] 37857  - [39m2025/09/28 18:31:41 [32m    LOG[39m [38;5;3m[RouterExplorer] [39m[32mMapped {/api/user/userOpenId, GET} route[39m[38;5;3m +0ms[39m
[32m[Nest] 37857  - [39m2025/09/28 18:31:41 [32m    LOG[39m [38;5;3m[RoutesResolver] [39m[32mAddressController {/api/user/address}:[39m[38;5;3m +0ms[39m
[32m[Nest] 37857  - [39m2025/09/28 18:31:41 [32m    LOG[39m [38;5;3m[RouterExplorer] [39m[32mMapped {/api/user/address/list, GET} route[39m[38;5;3m +0ms[39m
[32m[Nest] 37857  - [39m2025/09/28 18:31:41 [32m    LOG[39m [38;5;3m[RouterExplorer] [39m[32mMapped {/api/user/address/detail, GET} route[39m[38;5;3m +0ms[39m
[32m[Nest] 37857  - [39m2025/09/28 18:31:41 [32m    LOG[39m [38;5;3m[RouterExplorer] [39m[32mMapped {/api/user/address/create, POST} route[39m[38;5;3m +0ms[39m
[32m[Nest] 37857  - [39m2025/09/28 18:31:41 [32m    LOG[39m [38;5;3m[RouterExplorer] [39m[32mMapped {/api/user/address/update, POST} route[39m[38;5;3m +0ms[39m
[32m[Nest] 37857  - [39m2025/09/28 18:31:41 [32m    LOG[39m [38;5;3m[RouterExplorer] [39m[32mMapped {/api/user/address/del, POST} route[39m[38;5;3m +0ms[39m
[32m[Nest] 37857  - [39m2025/09/28 18:31:41 [32m    LOG[39m [38;5;3m[RouterExplorer] [39m[32mMapped {/api/user/address/setSelected, POST} route[39m[38;5;3m +0ms[39m
[32m[Nest] 37857  - [39m2025/09/28 18:31:41 [32m    LOG[39m [38;5;3m[RouterExplorer] [39m[32mMapped {/api/user/address/getDefault, GET} route[39m[38;5;3m +0ms[39m
[32m[Nest] 37857  - [39m2025/09/28 18:31:41 [32m    LOG[39m [38;5;3m[RouterExplorer] [39m[32mMapped {/api/user/address/batchDelete, POST} route[39m[38;5;3m +0ms[39m
[32m[Nest] 37857  - [39m2025/09/28 18:31:41 [32m    LOG[39m [38;5;3m[RouterExplorer] [39m[32mMapped {/api/user/address/count, GET} route[39m[38;5;3m +0ms[39m
[32m[Nest] 37857  - [39m2025/09/28 18:31:41 [32m    LOG[39m [38;5;3m[RoutesResolver] [39m[32mFavoriteController {/user/favorite}:[39m[38;5;3m +0ms[39m
[32m[Nest] 37857  - [39m2025/09/28 18:31:41 [32m    LOG[39m [38;5;3m[RouterExplorer] [39m[32mMapped {/user/favorite/add, POST} route[39m[38;5;3m +1ms[39m
[32m[Nest] 37857  - [39m2025/09/28 18:31:41 [32m    LOG[39m [38;5;3m[RouterExplorer] [39m[32mMapped {/user/favorite/list, GET} route[39m[38;5;3m +0ms[39m
[32m[Nest] 37857  - [39m2025/09/28 18:31:41 [32m    LOG[39m [38;5;3m[RouterExplorer] [39m[32mMapped {/user/favorite/detail, GET} route[39m[38;5;3m +0ms[39m
[32m[Nest] 37857  - [39m2025/09/28 18:31:41 [32m    LOG[39m [38;5;3m[RouterExplorer] [39m[32mMapped {/user/favorite/update, PUT} route[39m[38;5;3m +0ms[39m
[32m[Nest] 37857  - [39m2025/09/28 18:31:41 [32m    LOG[39m [38;5;3m[RouterExplorer] [39m[32mMapped {/user/favorite/delete, DELETE} route[39m[38;5;3m +0ms[39m
[32m[Nest] 37857  - [39m2025/09/28 18:31:41 [32m    LOG[39m [38;5;3m[RouterExplorer] [39m[32mMapped {/user/favorite/batchDelete, DELETE} route[39m[38;5;3m +0ms[39m
[32m[Nest] 37857  - [39m2025/09/28 18:31:41 [32m    LOG[39m [38;5;3m[RouterExplorer] [39m[32mMapped {/user/favorite/isFavorite, POST} route[39m[38;5;3m +0ms[39m
[32m[Nest] 37857  - [39m2025/09/28 18:31:41 [32m    LOG[39m [38;5;3m[RouterExplorer] [39m[32mMapped {/user/favorite/stats, GET} route[39m[38;5;3m +0ms[39m
[32m[Nest] 37857  - [39m2025/09/28 18:31:41 [32m    LOG[39m [38;5;3m[RouterExplorer] [39m[32mMapped {/user/favorite/toggle, POST} route[39m[38;5;3m +0ms[39m
[32m[Nest] 37857  - [39m2025/09/28 18:31:41 [32m    LOG[39m [38;5;3m[RouterExplorer] [39m[32mMapped {/user/favorite/products, GET} route[39m[38;5;3m +0ms[39m
[32m[Nest] 37857  - [39m2025/09/28 18:31:41 [32m    LOG[39m [38;5;3m[RouterExplorer] [39m[32mMapped {/user/favorite/shops, GET} route[39m[38;5;3m +0ms[39m
[32m[Nest] 37857  - [39m2025/09/28 18:31:41 [32m    LOG[39m [38;5;3m[RouterExplorer] [39m[32mMapped {/user/favorite/articles, GET} route[39m[38;5;3m +0ms[39m
[32m[Nest] 37857  - [39m2025/09/28 18:31:41 [32m    LOG[39m [38;5;3m[RouterExplorer] [39m[32mMapped {/user/favorite/count, GET} route[39m[38;5;3m +0ms[39m
[32m[Nest] 37857  - [39m2025/09/28 18:31:41 [32m    LOG[39m [38;5;3m[RouterExplorer] [39m[32mMapped {/user/favorite/checkFavorites, POST} route[39m[38;5;3m +0ms[39m
[32m[Nest] 37857  - [39m2025/09/28 18:31:41 [32m    LOG[39m [38;5;3m[RouterExplorer] [39m[32mMapped {/user/favorite/moveToCategory, PUT} route[39m[38;5;3m +0ms[39m
[32m[Nest] 37857  - [39m2025/09/28 18:31:41 [32m    LOG[39m [38;5;3m[RouterExplorer] [39m[32mMapped {/user/favorite/categories, GET} route[39m[38;5;3m +0ms[39m
[32m[Nest] 37857  - [39m2025/09/28 18:31:41 [32m    LOG[39m [38;5;3m[RouterExplorer] [39m[32mMapped {/user/favorite/createCategory, POST} route[39m[38;5;3m +0ms[39m
[32m[Nest] 37857  - [39m2025/09/28 18:31:41 [32m    LOG[39m [38;5;3m[RouterExplorer] [39m[32mMapped {/user/favorite/deleteCategory, DELETE} route[39m[38;5;3m +0ms[39m
[32m[Nest] 37857  - [39m2025/09/28 18:31:41 [32m    LOG[39m [38;5;3m[RoutesResolver] [39m[32mUserCompanyController {/admin/user/company}:[39m[38;5;3m +0ms[39m
[32m[Nest] 37857  - [39m2025/09/28 18:31:41 [32m    LOG[39m [38;5;3m[RouterExplorer] [39m[32mMapped {/admin/user/company/list, GET} route[39m[38;5;3m +0ms[39m
[32m[Nest] 37857  - [39m2025/09/28 18:31:41 [32m    LOG[39m [38;5;3m[RouterExplorer] [39m[32mMapped {/admin/user/company/detail/:id, GET} route[39m[38;5;3m +0ms[39m
[32m[Nest] 37857  - [39m2025/09/28 18:31:41 [32m    LOG[39m [38;5;3m[RouterExplorer] [39m[32mMapped {/admin/user/company/audit, PUT} route[39m[38;5;3m +0ms[39m
[32m[Nest] 37857  - [39m2025/09/28 18:31:41 [32m    LOG[39m [38;5;3m[RouterExplorer] [39m[32mMapped {/admin/user/company/del/:id, DELETE} route[39m[38;5;3m +0ms[39m
[32m[Nest] 37857  - [39m2025/09/28 18:31:41 [32m    LOG[39m [38;5;3m[RouterExplorer] [39m[32mMapped {/admin/user/company/create, POST} route[39m[38;5;3m +0ms[39m
[32m[Nest] 37857  - [39m2025/09/28 18:31:41 [32m    LOG[39m [38;5;3m[RouterExplorer] [39m[32mMapped {/admin/user/company/update/:id, PUT} route[39m[38;5;3m +0ms[39m
[32m[Nest] 37857  - [39m2025/09/28 18:31:41 [32m    LOG[39m [38;5;3m[RoutesResolver] [39m[32mUserRankController {/admin/user/rank}:[39m[38;5;3m +0ms[39m
[32m[Nest] 37857  - [39m2025/09/28 18:31:41 [32m    LOG[39m [38;5;3m[RouterExplorer] [39m[32mMapped {/admin/user/rank/list, GET} route[39m[38;5;3m +0ms[39m
[32m[Nest] 37857  - [39m2025/09/28 18:31:41 [32m    LOG[39m [38;5;3m[RouterExplorer] [39m[32mMapped {/admin/user/rank/detail/:rank_type, GET} route[39m[38;5;3m +0ms[39m
[32m[Nest] 37857  - [39m2025/09/28 18:31:41 [32m    LOG[39m [38;5;3m[RouterExplorer] [39m[32mMapped {/admin/user/rank/update, PUT} route[39m[38;5;3m +0ms[39m
[32m[Nest] 37857  - [39m2025/09/28 18:31:41 [32m    LOG[39m [38;5;3m[RouterExplorer] [39m[32mMapped {/admin/user/rank/create, POST} route[39m[38;5;3m +0ms[39m
[32m[Nest] 37857  - [39m2025/09/28 18:31:41 [32m    LOG[39m [38;5;3m[RouterExplorer] [39m[32mMapped {/admin/user/rank/del/:id, DELETE} route[39m[38;5;3m +0ms[39m
[32m[Nest] 37857  - [39m2025/09/28 18:31:41 [32m    LOG[39m [38;5;3m[RouterExplorer] [39m[32mMapped {/admin/user/rank/config, GET} route[39m[38;5;3m +0ms[39m
[32m[Nest] 37857  - [39m2025/09/28 18:31:41 [32m    LOG[39m [38;5;3m[RouterExplorer] [39m[32mMapped {/admin/user/rank/default-data, GET} route[39m[38;5;3m +0ms[39m
[32m[Nest] 37857  - [39m2025/09/28 18:31:41 [32m    LOG[39m [38;5;3m[RoutesResolver] [39m[32mUserPointsLogController {/admin/user/points-log}:[39m[38;5;3m +0ms[39m
[32m[Nest] 37857  - [39m2025/09/28 18:31:41 [32m    LOG[39m [38;5;3m[RouterExplorer] [39m[32mMapped {/admin/user/points-log/list, GET} route[39m[38;5;3m +0ms[39m
[32m[Nest] 37857  - [39m2025/09/28 18:31:41 [32m    LOG[39m [38;5;3m[RouterExplorer] [39m[32mMapped {/admin/user/points-log/get-points, GET} route[39m[38;5;3m +0ms[39m
[32m[Nest] 37857  - [39m2025/09/28 18:31:41 [32m    LOG[39m [38;5;3m[RouterExplorer] [39m[32mMapped {/admin/user/points-log/del/:id, DELETE} route[39m[38;5;3m +0ms[39m
[32m[Nest] 37857  - [39m2025/09/28 18:31:41 [32m    LOG[39m [38;5;3m[RouterExplorer] [39m[32mMapped {/admin/user/points-log/batch, POST} route[39m[38;5;3m +1ms[39m
[32m[Nest] 37857  - [39m2025/09/28 18:31:41 [32m    LOG[39m [38;5;3m[RouterExplorer] [39m[32mMapped {/admin/user/points-log/create, POST} route[39m[38;5;3m +0ms[39m
[32m[Nest] 37857  - [39m2025/09/28 18:31:41 [32m    LOG[39m [38;5;3m[RouterExplorer] [39m[32mMapped {/admin/user/points-log/detail/:id, GET} route[39m[38;5;3m +0ms[39m
[32m[Nest] 37857  - [39m2025/09/28 18:31:41 [32m    LOG[39m [38;5;3m[RoutesResolver] [39m[32mUserMessageLogController {/admin/user/message-log}:[39m[38;5;3m +0ms[39m
[32m[Nest] 37857  - [39m2025/09/28 18:31:41 [32m    LOG[39m [38;5;3m[RouterExplorer] [39m[32mMapped {/admin/user/message-log/list, GET} route[39m[38;5;3m +0ms[39m
[32m[Nest] 37857  - [39m2025/09/28 18:31:41 [32m    LOG[39m [38;5;3m[RouterExplorer] [39m[32mMapped {/admin/user/message-log/detail/:id, GET} route[39m[38;5;3m +0ms[39m
[32m[Nest] 37857  - [39m2025/09/28 18:31:41 [32m    LOG[39m [38;5;3m[RouterExplorer] [39m[32mMapped {/admin/user/message-log/del/:id, DELETE} route[39m[38;5;3m +0ms[39m
[32m[Nest] 37857  - [39m2025/09/28 18:31:41 [32m    LOG[39m [38;5;3m[RouterExplorer] [39m[32mMapped {/admin/user/message-log/batch, POST} route[39m[38;5;3m +0ms[39m
[32m[Nest] 37857  - [39m2025/09/28 18:31:41 [32m    LOG[39m [38;5;3m[RouterExplorer] [39m[32mMapped {/admin/user/message-log/create, POST} route[39m[38;5;3m +0ms[39m
[32m[Nest] 37857  - [39m2025/09/28 18:31:41 [32m    LOG[39m [38;5;3m[RouterExplorer] [39m[32mMapped {/admin/user/message-log/update/:id, PUT} route[39m[38;5;3m +0ms[39m
[32m[Nest] 37857  - [39m2025/09/28 18:31:41 [32m    LOG[39m [38;5;3m[RouterExplorer] [39m[32mMapped {/admin/user/message-log/mark-read/:id, PUT} route[39m[38;5;3m +0ms[39m
[32m[Nest] 37857  - [39m2025/09/28 18:31:41 [32m    LOG[39m [38;5;3m[RouterExplorer] [39m[32mMapped {/admin/user/message-log/batch-mark-read, POST} route[39m[38;5;3m +0ms[39m
[32m[Nest] 37857  - [39m2025/09/28 18:31:41 [32m    LOG[39m [38;5;3m[RouterExplorer] [39m[32mMapped {/admin/user/message-log/statistics, GET} route[39m[38;5;3m +0ms[39m
[32m[Nest] 37857  - [39m2025/09/28 18:31:41 [32m    LOG[39m [38;5;3m[RoutesResolver] [39m[32mUserMessageController {/user/message}:[39m[38;5;3m +0ms[39m
[32m[Nest] 37857  - [39m2025/09/28 18:31:41 [32m    LOG[39m [38;5;3m[RouterExplorer] [39m[32mMapped {/user/message/list, GET} route[39m[38;5;3m +0ms[39m
[32m[Nest] 37857  - [39m2025/09/28 18:31:41 [32m    LOG[39m [38;5;3m[RouterExplorer] [39m[32mMapped {/user/message/updateMessageRead, POST} route[39m[38;5;3m +0ms[39m
[32m[Nest] 37857  - [39m2025/09/28 18:31:41 [32m    LOG[39m [38;5;3m[RouterExplorer] [39m[32mMapped {/user/message/updateAllRead, POST} route[39m[38;5;3m +0ms[39m
[32m[Nest] 37857  - [39m2025/09/28 18:31:41 [32m    LOG[39m [38;5;3m[RouterExplorer] [39m[32mMapped {/user/message/del, POST} route[39m[38;5;3m +0ms[39m
[32m[Nest] 37857  - [39m2025/09/28 18:31:41 [32m    LOG[39m [38;5;3m[RouterExplorer] [39m[32mMapped {/user/message/unread-count, GET} route[39m[38;5;3m +0ms[39m
[32m[Nest] 37857  - [39m2025/09/28 18:31:41 [32m    LOG[39m [38;5;3m[RoutesResolver] [39m[32mUserAuthController {/api/user}:[39m[38;5;3m +0ms[39m
[32m[Nest] 37857  - [39m2025/09/28 18:31:41 [32m    LOG[39m [38;5;3m[RouterExplorer] [39m[32mMapped {/api/user/login/getJsSdkConfig, GET} route[39m[38;5;3m +0ms[39m
[32m[Nest] 37857  - [39m2025/09/28 18:31:41 [32m    LOG[39m [38;5;3m[RoutesResolver] [39m[32mCollectController {/api/user/collect}:[39m[38;5;3m +0ms[39m
[32m[Nest] 37857  - [39m2025/09/28 18:31:41 [32m    LOG[39m [38;5;3m[RouterExplorer] [39m[32mMapped {/api/user/collect/list, GET} route[39m[38;5;3m +0ms[39m
[32m[Nest] 37857  - [39m2025/09/28 18:31:41 [32m    LOG[39m [38;5;3m[RouterExplorer] [39m[32mMapped {/api/user/collect/save, POST} route[39m[38;5;3m +0ms[39m
[32m[Nest] 37857  - [39m2025/09/28 18:31:41 [32m    LOG[39m [38;5;3m[RouterExplorer] [39m[32mMapped {/api/user/collect/cancel, POST} route[39m[38;5;3m +0ms[39m
[32m[Nest] 37857  - [39m2025/09/28 18:31:41 [32m    LOG[39m [38;5;3m[RouterExplorer] [39m[32mMapped {/api/user/collect/create, POST} route[39m[38;5;3m +0ms[39m
[32m[Nest] 37857  - [39m2025/09/28 18:31:41 [32m    LOG[39m [38;5;3m[RouterExplorer] [39m[32mMapped {/api/user/collect/update, POST} route[39m[38;5;3m +0ms[39m
[32m[Nest] 37857  - [39m2025/09/28 18:31:41 [32m    LOG[39m [38;5;3m[RouterExplorer] [39m[32mMapped {/api/user/collect/batchDelete, POST} route[39m[38;5;3m +0ms[39m
[32m[Nest] 37857  - [39m2025/09/28 18:31:41 [32m    LOG[39m [38;5;3m[RouterExplorer] [39m[32mMapped {/api/user/collect/check, GET} route[39m[38;5;3m +0ms[39m
[32m[Nest] 37857  - [39m2025/09/28 18:31:41 [32m    LOG[39m [38;5;3m[RouterExplorer] [39m[32mMapped {/api/user/collect/count, GET} route[39m[38;5;3m +0ms[39m
[32m[Nest] 37857  - [39m2025/09/28 18:31:41 [32m    LOG[39m [38;5;3m[RouterExplorer] [39m[32mMapped {/api/user/collect/detail, GET} route[39m[38;5;3m +0ms[39m
[32m[Nest] 37857  - [39m2025/09/28 18:31:41 [32m    LOG[39m [38;5;3m[RouterExplorer] [39m[32mMapped {/api/user/collect/products, GET} route[39m[38;5;3m +0ms[39m
[32m[Nest] 37857  - [39m2025/09/28 18:31:41 [32m    LOG[39m [38;5;3m[RouterExplorer] [39m[32mMapped {/api/user/collect/shops, GET} route[39m[38;5;3m +0ms[39m
[32m[Nest] 37857  - [39m2025/09/28 18:31:41 [32m    LOG[39m [38;5;3m[RouterExplorer] [39m[32mMapped {/api/user/collect/articles, GET} route[39m[38;5;3m +0ms[39m
[32m[Nest] 37857  - [39m2025/09/28 18:31:41 [32m    LOG[39m [38;5;3m[RouterExplorer] [39m[32mMapped {/api/user/collect/collectProduct/list, GET} route[39m[38;5;3m +0ms[39m
[32m[Nest] 37857  - [39m2025/09/28 18:31:41 [32m    LOG[39m [38;5;3m[RoutesResolver] [39m[32mUserCouponController {/user/coupon}:[39m[38;5;3m +0ms[39m
[32m[Nest] 37857  - [39m2025/09/28 18:31:41 [32m    LOG[39m [38;5;3m[RouterExplorer] [39m[32mMapped {/user/coupon/list, GET} route[39m[38;5;3m +0ms[39m
[32m[Nest] 37857  - [39m2025/09/28 18:31:41 [32m    LOG[39m [38;5;3m[RouterExplorer] [39m[32mMapped {/user/coupon/getList, GET} route[39m[38;5;3m +0ms[39m
[32m[Nest] 37857  - [39m2025/09/28 18:31:41 [32m    LOG[39m [38;5;3m[RouterExplorer] [39m[32mMapped {/user/coupon/claim, POST} route[39m[38;5;3m +1ms[39m
[32m[Nest] 37857  - [39m2025/09/28 18:31:41 [32m    LOG[39m [38;5;3m[RouterExplorer] [39m[32mMapped {/user/coupon/del, POST} route[39m[38;5;3m +0ms[39m
[32m[Nest] 37857  - [39m2025/09/28 18:31:41 [32m    LOG[39m [38;5;3m[RouterExplorer] [39m[32mMapped {/user/coupon/detail, GET} route[39m[38;5;3m +0ms[39m
[32m[Nest] 37857  - [39m2025/09/28 18:31:41 [32m    LOG[39m [38;5;3m[RouterExplorer] [39m[32mMapped {/user/coupon/validate, POST} route[39m[38;5;3m +0ms[39m
[32m[Nest] 37857  - [39m2025/09/28 18:31:41 [32m    LOG[39m [38;5;3m[RouterExplorer] [39m[32mMapped {/user/coupon/use, POST} route[39m[38;5;3m +0ms[39m
[32m[Nest] 37857  - [39m2025/09/28 18:31:41 [32m    LOG[39m [38;5;3m[RouterExplorer] [39m[32mMapped {/user/coupon/count, GET} route[39m[38;5;3m +0ms[39m
[32m[Nest] 37857  - [39m2025/09/28 18:31:41 [32m    LOG[39m [38;5;3m[RouterExplorer] [39m[32mMapped {/user/coupon/available, GET} route[39m[38;5;3m +0ms[39m
[32m[Nest] 37857  - [39m2025/09/28 18:31:41 [32m    LOG[39m [38;5;3m[RouterExplorer] [39m[32mMapped {/user/coupon/used, GET} route[39m[38;5;3m +0ms[39m
[32m[Nest] 37857  - [39m2025/09/28 18:31:41 [32m    LOG[39m [38;5;3m[RouterExplorer] [39m[32mMapped {/user/coupon/expired, GET} route[39m[38;5;3m +0ms[39m
[32m[Nest] 37857  - [39m2025/09/28 18:31:41 [32m    LOG[39m [38;5;3m[RoutesResolver] [39m[32mUserHistoryController {/user/history}:[39m[38;5;3m +0ms[39m
[32m[Nest] 37857  - [39m2025/09/28 18:31:41 [32m    LOG[39m [38;5;3m[RouterExplorer] [39m[32mMapped {/user/history/list, GET} route[39m[38;5;3m +1ms[39m
[32m[Nest] 37857  - [39m2025/09/28 18:31:41 [32m    LOG[39m [38;5;3m[RouterExplorer] [39m[32mMapped {/user/history/products, GET} route[39m[38;5;3m +0ms[39m
[32m[Nest] 37857  - [39m2025/09/28 18:31:41 [32m    LOG[39m [38;5;3m[RouterExplorer] [39m[32mMapped {/user/history/add, POST} route[39m[38;5;3m +0ms[39m
[32m[Nest] 37857  - [39m2025/09/28 18:31:41 [32m    LOG[39m [38;5;3m[RouterExplorer] [39m[32mMapped {/user/history/del, POST} route[39m[38;5;3m +0ms[39m
[32m[Nest] 37857  - [39m2025/09/28 18:31:41 [32m    LOG[39m [38;5;3m[RouterExplorer] [39m[32mMapped {/user/history/clear, POST} route[39m[38;5;3m +0ms[39m
[32m[Nest] 37857  - [39m2025/09/28 18:31:41 [32m    LOG[39m [38;5;3m[RouterExplorer] [39m[32mMapped {/user/history/detail, GET} route[39m[38;5;3m +0ms[39m
[32m[Nest] 37857  - [39m2025/09/28 18:31:41 [32m    LOG[39m [38;5;3m[RouterExplorer] [39m[32mMapped {/user/history/stats, GET} route[39m[38;5;3m +0ms[39m
[32m[Nest] 37857  - [39m2025/09/28 18:31:41 [32m    LOG[39m [38;5;3m[RouterExplorer] [39m[32mMapped {/user/history/recommended, GET} route[39m[38;5;3m +0ms[39m
[32m[Nest] 37857  - [39m2025/09/28 18:31:41 [32m    LOG[39m [38;5;3m[RouterExplorer] [39m[32mMapped {/user/history/batchAdd, POST} route[39m[38;5;3m +0ms[39m
[32m[Nest] 37857  - [39m2025/09/28 18:31:41 [32m    LOG[39m [38;5;3m[RouterExplorer] [39m[32mMapped {/user/history/count, GET} route[39m[38;5;3m +0ms[39m
[32m[Nest] 37857  - [39m2025/09/28 18:31:41 [32m    LOG[39m [38;5;3m[RouterExplorer] [39m[32mMapped {/user/history/recentIds, GET} route[39m[38;5;3m +0ms[39m
[32m[Nest] 37857  - [39m2025/09/28 18:31:41 [32m    LOG[39m [38;5;3m[RouterExplorer] [39m[32mMapped {/user/history/check, GET} route[39m[38;5;3m +0ms[39m
[32m[Nest] 37857  - [39m2025/09/28 18:31:41 [32m    LOG[39m [38;5;3m[RoutesResolver] [39m[32mUploadController {/upload}:[39m[38;5;3m +0ms[39m
[32m[Nest] 37857  - [39m2025/09/28 18:31:41 [32m    LOG[39m [38;5;3m[RouterExplorer] [39m[32mMapped {/upload, POST} route[39m[38;5;3m +0ms[39m
[32m[Nest] 37857  - [39m2025/09/28 18:31:41 [32m    LOG[39m [38;5;3m[RouterExplorer] [39m[32mMapped {/upload/list, GET} route[39m[38;5;3m +0ms[39m
[32m[Nest] 37857  - [39m2025/09/28 18:31:41 [32m    LOG[39m [38;5;3m[RouterExplorer] [39m[32mMapped {/upload/:id, GET} route[39m[38;5;3m +0ms[39m
[32m[Nest] 37857  - [39m2025/09/28 18:31:41 [32m    LOG[39m [38;5;3m[RouterExplorer] [39m[32mMapped {/upload/related/:relatedId/:type, GET} route[39m[38;5;3m +0ms[39m
[32m[Nest] 37857  - [39m2025/09/28 18:31:41 [32m    LOG[39m [38;5;3m[RouterExplorer] [39m[32mMapped {/upload/:id/description, PUT} route[39m[38;5;3m +0ms[39m
[32m[Nest] 37857  - [39m2025/09/28 18:31:41 [32m    LOG[39m [38;5;3m[RouterExplorer] [39m[32mMapped {/upload/:id, DELETE} route[39m[38;5;3m +0ms[39m
[32m[Nest] 37857  - [39m2025/09/28 18:31:41 [32m    LOG[39m [38;5;3m[RouterExplorer] [39m[32mMapped {/upload/stats, GET} route[39m[38;5;3m +0ms[39m
[32m[Nest] 37857  - [39m2025/09/28 18:31:41 [32m    LOG[39m [38;5;3m[RouterExplorer] [39m[32mMapped {/upload/types, GET} route[39m[38;5;3m +0ms[39m
[32m[Nest] 37857  - [39m2025/09/28 18:31:41 [32m    LOG[39m [38;5;3m[RoutesResolver] [39m[32mLoginController {/api/user}:[39m[38;5;3m +0ms[39m
[32m[Nest] 37857  - [39m2025/09/28 18:31:41 [32m    LOG[39m [38;5;3m[RouterExplorer] [39m[32mMapped {/api/user/login/getQuickLoginSetting, GET} route[39m[38;5;3m +0ms[39m
[32m[Nest] 37857  - [39m2025/09/28 18:31:41 [32m    LOG[39m [38;5;3m[RouterExplorer] [39m[32mMapped {/api/user/login/signin, POST} route[39m[38;5;3m +1ms[39m
[32m[Nest] 37857  - [39m2025/09/28 18:31:41 [32m    LOG[39m [38;5;3m[RouterExplorer] [39m[32mMapped {/api/user/login/sendMobileCode, POST} route[39m[38;5;3m +0ms[39m
[32m[Nest] 37857  - [39m2025/09/28 18:31:41 [32m    LOG[39m [38;5;3m[RouterExplorer] [39m[32mMapped {/api/user/user/login/sendEmailCode, POST} route[39m[38;5;3m +0ms[39m
[32m[Nest] 37857  - [39m2025/09/28 18:31:41 [32m    LOG[39m [38;5;3m[RouterExplorer] [39m[32mMapped {/api/user/user/login/checkMobile, POST} route[39m[38;5;3m +0ms[39m
[32m[Nest] 37857  - [39m2025/09/28 18:31:41 [32m    LOG[39m [38;5;3m[RouterExplorer] [39m[32mMapped {/api/user/user/login/checkEmail, POST} route[39m[38;5;3m +0ms[39m
[32m[Nest] 37857  - [39m2025/09/28 18:31:41 [32m    LOG[39m [38;5;3m[RouterExplorer] [39m[32mMapped {/api/user/user/login/forgetPassword, POST} route[39m[38;5;3m +0ms[39m
[32m[Nest] 37857  - [39m2025/09/28 18:31:41 [32m    LOG[39m [38;5;3m[RouterExplorer] [39m[32mMapped {/api/user/user/login/getWechatLoginUrl, GET} route[39m[38;5;3m +0ms[39m
[32m[Nest] 37857  - [39m2025/09/28 18:31:41 [32m    LOG[39m [38;5;3m[RouterExplorer] [39m[32mMapped {/api/user/user/login/getWechatLoginInfoByCode, POST} route[39m[38;5;3m +0ms[39m
[32m[Nest] 37857  - [39m2025/09/28 18:31:41 [32m    LOG[39m [38;5;3m[RouterExplorer] [39m[32mMapped {/api/user/user/login/bindWechat, POST} route[39m[38;5;3m +0ms[39m
[32m[Nest] 37857  - [39m2025/09/28 18:31:41 [32m    LOG[39m [38;5;3m[RouterExplorer] [39m[32mMapped {/api/user/user/login/unbindWechat, POST} route[39m[38;5;3m +0ms[39m
[32m[Nest] 37857  - [39m2025/09/28 18:31:41 [32m    LOG[39m [38;5;3m[RouterExplorer] [39m[32mMapped {/api/user/user/login/bindMobile, POST} route[39m[38;5;3m +0ms[39m
[32m[Nest] 37857  - [39m2025/09/28 18:31:41 [32m    LOG[39m [38;5;3m[RouterExplorer] [39m[32mMapped {/api/user/user/login/wechatServerVerify, GET} route[39m[38;5;3m +0ms[39m
[32m[Nest] 37857  - [39m2025/09/28 18:31:41 [32m    LOG[39m [38;5;3m[RouterExplorer] [39m[32mMapped {/api/user/user/login/getWechatMessage, POST} route[39m[38;5;3m +0ms[39m
[32m[Nest] 37857  - [39m2025/09/28 18:31:41 [32m    LOG[39m [38;5;3m[RouterExplorer] [39m[32mMapped {/api/user/user/login/wechatEvent, GET} route[39m[38;5;3m +0ms[39m
[32m[Nest] 37857  - [39m2025/09/28 18:31:41 [32m    LOG[39m [38;5;3m[RouterExplorer] [39m[32mMapped {/api/user/user/login/getUserMobile, POST} route[39m[38;5;3m +0ms[39m
[32m[Nest] 37857  - [39m2025/09/28 18:31:41 [32m    LOG[39m [38;5;3m[RouterExplorer] [39m[32mMapped {/api/user/user/login/updateUserOpenId, POST} route[39m[38;5;3m +0ms[39m
[32m[Nest] 37857  - [39m2025/09/28 18:31:41 [32m    LOG[39m [38;5;3m[RouterExplorer] [39m[32mMapped {/api/user/user/login/getJsSdkConfig, GET} route[39m[38;5;3m +0ms[39m
[32m[Nest] 37857  - [39m2025/09/28 18:31:41 [32m    LOG[39m [38;5;3m[RoutesResolver] [39m[32mFeedbackController {/admin/user/feedback}:[39m[38;5;3m +0ms[39m
[32m[Nest] 37857  - [39m2025/09/28 18:31:41 [32m    LOG[39m [38;5;3m[RouterExplorer] [39m[32mMapped {/admin/user/feedback/list, GET} route[39m[38;5;3m +0ms[39m
[32m[Nest] 37857  - [39m2025/09/28 18:31:41 [32m    LOG[39m [38;5;3m[RouterExplorer] [39m[32mMapped {/admin/user/feedback/detail/:id, GET} route[39m[38;5;3m +0ms[39m
[32m[Nest] 37857  - [39m2025/09/28 18:31:41 [32m    LOG[39m [38;5;3m[RouterExplorer] [39m[32mMapped {/admin/user/feedback/create, POST} route[39m[38;5;3m +0ms[39m
[32m[Nest] 37857  - [39m2025/09/28 18:31:41 [32m    LOG[39m [38;5;3m[RouterExplorer] [39m[32mMapped {/admin/user/feedback/update/:id, PUT} route[39m[38;5;3m +0ms[39m
[32m[Nest] 37857  - [39m2025/09/28 18:31:41 [32m    LOG[39m [38;5;3m[RouterExplorer] [39m[32mMapped {/admin/user/feedback/del/:id, DELETE} route[39m[38;5;3m +0ms[39m
[32m[Nest] 37857  - [39m2025/09/28 18:31:41 [32m    LOG[39m [38;5;3m[RouterExplorer] [39m[32mMapped {/admin/user/feedback/batch, POST} route[39m[38;5;3m +0ms[39m
[32m[Nest] 37857  - [39m2025/09/28 18:31:41 [32m    LOG[39m [38;5;3m[RouterExplorer] [39m[32mMapped {/admin/user/feedback/statistics, GET} route[39m[38;5;3m +0ms[39m
[32m[Nest] 37857  - [39m2025/09/28 18:31:41 [32m    LOG[39m [38;5;3m[RoutesResolver] [39m[32mUserFeedbackController {/}:[39m[38;5;3m +0ms[39m
[32m[Nest] 37857  - [39m2025/09/28 18:31:41 [32m    LOG[39m [38;5;3m[RouterExplorer] [39m[32mMapped {/user/feedback/index, GET} route[39m[38;5;3m +0ms[39m
[32m[Nest] 37857  - [39m2025/09/28 18:31:41 [32m    LOG[39m [38;5;3m[RouterExplorer] [39m[32mMapped {/user/feedback/list, GET} route[39m[38;5;3m +0ms[39m
[32m[Nest] 37857  - [39m2025/09/28 18:31:41 [32m    LOG[39m [38;5;3m[RouterExplorer] [39m[32mMapped {/user/feedback/detail, GET} route[39m[38;5;3m +0ms[39m
[32m[Nest] 37857  - [39m2025/09/28 18:31:41 [32m    LOG[39m [38;5;3m[RouterExplorer] [39m[32mMapped {/user/feedback/add, POST} route[39m[38;5;3m +0ms[39m
[32m[Nest] 37857  - [39m2025/09/28 18:31:41 [32m    LOG[39m [38;5;3m[RouterExplorer] [39m[32mMapped {/user/feedback/edit, PUT} route[39m[38;5;3m +0ms[39m
[32m[Nest] 37857  - [39m2025/09/28 18:31:41 [32m    LOG[39m [38;5;3m[RouterExplorer] [39m[32mMapped {/user/feedback/del, POST} route[39m[38;5;3m +0ms[39m
[32m[Nest] 37857  - [39m2025/09/28 18:31:41 [32m    LOG[39m [38;5;3m[RouterExplorer] [39m[32mMapped {/user/feedback/getType, GET} route[39m[38;5;3m +0ms[39m
[32m[Nest] 37857  - [39m2025/09/28 18:31:41 [32m    LOG[39m [38;5;3m[RouterExplorer] [39m[32mMapped {/user/feedback/getStatus, GET} route[39m[38;5;3m +0ms[39m
[32m[Nest] 37857  - [39m2025/09/28 18:31:41 [32m    LOG[39m [38;5;3m[RouterExplorer] [39m[32mMapped {/user/feedback/reply, POST} route[39m[38;5;3m +0ms[39m
[32m[Nest] 37857  - [39m2025/09/28 18:31:41 [32m    LOG[39m [38;5;3m[RouterExplorer] [39m[32mMapped {/user/feedback/uploadImage, POST} route[39m[38;5;3m +0ms[39m
[32m[Nest] 37857  - [39m2025/09/28 18:31:41 [32m    LOG[39m [38;5;3m[RoutesResolver] [39m[32mAdminController {/admin}:[39m[38;5;3m +0ms[39m
[32m[Nest] 37857  - [39m2025/09/28 18:31:41 [32m    LOG[39m [38;5;3m[RouterExplorer] [39m[32mMapped {/admin/login, POST} route[39m[38;5;3m +0ms[39m
[32m[Nest] 37857  - [39m2025/09/28 18:31:41 [32m    LOG[39m [38;5;3m[RouterExplorer] [39m[32mMapped {/admin/logout, POST} route[39m[38;5;3m +0ms[39m
[32m[Nest] 37857  - [39m2025/09/28 18:31:41 [32m    LOG[39m [38;5;3m[RouterExplorer] [39m[32mMapped {/admin/profile, GET} route[39m[38;5;3m +0ms[39m
[32m[Nest] 37857  - [39m2025/09/28 18:31:41 [32m    LOG[39m [38;5;3m[RouterExplorer] [39m[32mMapped {/admin/profile, PATCH} route[39m[38;5;3m +0ms[39m
[32m[Nest] 37857  - [39m2025/09/28 18:31:41 [32m    LOG[39m [38;5;3m[RouterExplorer] [39m[32mMapped {/admin/change-password, POST} route[39m[38;5;3m +1ms[39m
[32m[Nest] 37857  - [39m2025/09/28 18:31:41 [32m    LOG[39m [38;5;3m[RouterExplorer] [39m[32mMapped {/admin/users, POST} route[39m[38;5;3m +0ms[39m
[32m[Nest] 37857  - [39m2025/09/28 18:31:41 [32m    LOG[39m [38;5;3m[RouterExplorer] [39m[32mMapped {/admin/users, GET} route[39m[38;5;3m +0ms[39m
[32m[Nest] 37857  - [39m2025/09/28 18:31:41 [32m    LOG[39m [38;5;3m[RouterExplorer] [39m[32mMapped {/admin/users/:adminId, GET} route[39m[38;5;3m +0ms[39m
[32m[Nest] 37857  - [39m2025/09/28 18:31:41 [32m    LOG[39m [38;5;3m[RouterExplorer] [39m[32mMapped {/admin/users/:adminId, PUT} route[39m[38;5;3m +0ms[39m
[32m[Nest] 37857  - [39m2025/09/28 18:31:41 [32m    LOG[39m [38;5;3m[RouterExplorer] [39m[32mMapped {/admin/users/:adminId, DELETE} route[39m[38;5;3m +0ms[39m
[32m[Nest] 37857  - [39m2025/09/28 18:31:41 [32m    LOG[39m [38;5;3m[RouterExplorer] [39m[32mMapped {/admin/users/:adminId/status, PATCH} route[39m[38;5;3m +0ms[39m
[32m[Nest] 37857  - [39m2025/09/28 18:31:41 [32m    LOG[39m [38;5;3m[RouterExplorer] [39m[32mMapped {/admin/roles, POST} route[39m[38;5;3m +0ms[39m
[32m[Nest] 37857  - [39m2025/09/28 18:31:41 [32m    LOG[39m [38;5;3m[RouterExplorer] [39m[32mMapped {/admin/roles, GET} route[39m[38;5;3m +0ms[39m
[32m[Nest] 37857  - [39m2025/09/28 18:31:41 [32m    LOG[39m [38;5;3m[RouterExplorer] [39m[32mMapped {/admin/roles/:roleId, GET} route[39m[38;5;3m +0ms[39m
[32m[Nest] 37857  - [39m2025/09/28 18:31:41 [32m    LOG[39m [38;5;3m[RouterExplorer] [39m[32mMapped {/admin/roles/:roleId, PUT} route[39m[38;5;3m +0ms[39m
[32m[Nest] 37857  - [39m2025/09/28 18:31:41 [32m    LOG[39m [38;5;3m[RouterExplorer] [39m[32mMapped {/admin/roles/:roleId, DELETE} route[39m[38;5;3m +0ms[39m
[32m[Nest] 37857  - [39m2025/09/28 18:31:41 [32m    LOG[39m [38;5;3m[RouterExplorer] [39m[32mMapped {/admin/users/:adminId/roles, POST} route[39m[38;5;3m +0ms[39m
[32m[Nest] 37857  - [39m2025/09/28 18:31:41 [32m    LOG[39m [38;5;3m[RouterExplorer] [39m[32mMapped {/admin/dashboard/statistics, GET} route[39m[38;5;3m +0ms[39m
[32m[Nest] 37857  - [39m2025/09/28 18:31:41 [32m    LOG[39m [38;5;3m[RouterExplorer] [39m[32mMapped {/admin/logs, GET} route[39m[38;5;3m +0ms[39m
[32m[Nest] 37857  - [39m2025/09/28 18:31:41 [32m    LOG[39m [38;5;3m[RouterExplorer] [39m[32mMapped {/admin/settings, GET} route[39m[38;5;3m +0ms[39m
[32m[Nest] 37857  - [39m2025/09/28 18:31:41 [32m    LOG[39m [38;5;3m[RouterExplorer] [39m[32mMapped {/admin/settings, PUT} route[39m[38;5;3m +0ms[39m
[32m[Nest] 37857  - [39m2025/09/28 18:31:41 [32m    LOG[39m [38;5;3m[RoutesResolver] [39m[32mAdminApiCsrfController {/adminapi/common/csrf}:[39m[38;5;3m +0ms[39m
[32m[Nest] 37857  - [39m2025/09/28 18:31:41 [32m    LOG[39m [38;5;3m[RouterExplorer] [39m[32mMapped {/adminapi/common/csrf/create, GET} route[39m[38;5;3m +0ms[39m
[32m[Nest] 37857  - [39m2025/09/28 18:31:41 [32m    LOG[39m [38;5;3m[RouterExplorer] [39m[32mMapped {/adminapi/common/csrf/validate, POST} route[39m[38;5;3m +0ms[39m
[32m[Nest] 37857  - [39m2025/09/28 18:31:41 [32m    LOG[39m [38;5;3m[RouterExplorer] [39m[32mMapped {/adminapi/common/csrf/delete, POST} route[39m[38;5;3m +0ms[39m
[32m[Nest] 37857  - [39m2025/09/28 18:31:41 [32m    LOG[39m [38;5;3m[RouterExplorer] [39m[32mMapped {/adminapi/common/csrf/create-user-token, GET} route[39m[38;5;3m +0ms[39m
[32m[Nest] 37857  - [39m2025/09/28 18:31:41 [32m    LOG[39m [38;5;3m[RouterExplorer] [39m[32mMapped {/adminapi/common/csrf/refresh, POST} route[39m[38;5;3m +0ms[39m
[32m[Nest] 37857  - [39m2025/09/28 18:31:41 [32m    LOG[39m [38;5;3m[RoutesResolver] [39m[32mAdminLoginController {/adminapi/login}:[39m[38;5;3m +0ms[39m
[32m[Nest] 37857  - [39m2025/09/28 18:31:41 [32m    LOG[39m [38;5;3m[RouterExplorer] [39m[32mMapped {/adminapi/login/signin, POST} route[39m[38;5;3m +0ms[39m
[32m[Nest] 37857  - [39m2025/09/28 18:31:41 [32m    LOG[39m [38;5;3m[RouterExplorer] [39m[32mMapped {/adminapi/login/signout, POST} route[39m[38;5;3m +0ms[39m
[32m[Nest] 37857  - [39m2025/09/28 18:31:41 [32m    LOG[39m [38;5;3m[RoutesResolver] [39m[32mAuthorityController {/adminapi/authority/authority}:[39m[38;5;3m +0ms[39m
[32m[Nest] 37857  - [39m2025/09/28 18:31:41 [32m    LOG[39m [38;5;3m[RouterExplorer] [39m[32mMapped {/adminapi/authority/authority/getAuthority, GET} route[39m[38;5;3m +0ms[39m
[32m[Nest] 37857  - [39m2025/09/28 18:31:41 [32m    LOG[39m [38;5;3m[RouterExplorer] [39m[32mMapped {/adminapi/authority/authority/detail/:id, GET} route[39m[38;5;3m +0ms[39m
[32m[Nest] 37857  - [39m2025/09/28 18:31:41 [32m    LOG[39m [38;5;3m[RouterExplorer] [39m[32mMapped {/adminapi/authority/authority/tree, GET} route[39m[38;5;3m +0ms[39m
[32m[Nest] 37857  - [39m2025/09/28 18:31:41 [32m    LOG[39m [38;5;3m[RouterExplorer] [39m[32mMapped {/adminapi/authority/authority/menu, GET} route[39m[38;5;3m +0ms[39m
[32m[Nest] 37857  - [39m2025/09/28 18:31:41 [32m    LOG[39m [38;5;3m[RouterExplorer] [39m[32mMapped {/adminapi/authority/authority/actions, GET} route[39m[38;5;3m +0ms[39m
[32m[Nest] 37857  - [39m2025/09/28 18:31:41 [32m    LOG[39m [38;5;3m[RouterExplorer] [39m[32mMapped {/adminapi/authority/authority/create, POST} route[39m[38;5;3m +0ms[39m
[32m[Nest] 37857  - [39m2025/09/28 18:31:41 [32m    LOG[39m [38;5;3m[RouterExplorer] [39m[32mMapped {/adminapi/authority/authority/update, PUT} route[39m[38;5;3m +0ms[39m
[32m[Nest] 37857  - [39m2025/09/28 18:31:41 [32m    LOG[39m [38;5;3m[RouterExplorer] [39m[32mMapped {/adminapi/authority/authority/delete/:id, DELETE} route[39m[38;5;3m +0ms[39m
[32m[Nest] 37857  - [39m2025/09/28 18:31:41 [32m    LOG[39m [38;5;3m[RouterExplorer] [39m[32mMapped {/adminapi/authority/authority/batchDelete, POST} route[39m[38;5;3m +0ms[39m
[32m[Nest] 37857  - [39m2025/09/28 18:31:41 [32m    LOG[39m [38;5;3m[RouterExplorer] [39m[32mMapped {/adminapi/authority/authority/updateStatus, POST} route[39m[38;5;3m +0ms[39m
[32m[Nest] 37857  - [39m2025/09/28 18:31:41 [32m    LOG[39m [38;5;3m[RoutesResolver] [39m[32mAdminUserController {/adminapi/authority/adminUser}:[39m[38;5;3m +0ms[39m
[32m[Nest] 37857  - [39m2025/09/28 18:31:41 [32m    LOG[39m [38;5;3m[RouterExplorer] [39m[32mMapped {/adminapi/authority/adminUser/mineDetail, GET} route[39m[38;5;3m +0ms[39m
[32m[Nest] 37857  - [39m2025/09/28 18:31:41 [32m    LOG[39m [38;5;3m[RoutesResolver] [39m[32mMerchantShopController {/adminapi/merchant/shop}:[39m[38;5;3m +0ms[39m
[32m[Nest] 37857  - [39m2025/09/28 18:31:41 [32m    LOG[39m [38;5;3m[RouterExplorer] [39m[32mMapped {/adminapi/merchant/shop/myShop, GET} route[39m[38;5;3m +0ms[39m
[32m[Nest] 37857  - [39m2025/09/28 18:31:41 [32m    LOG[39m [38;5;3m[RouterExplorer] [39m[32mMapped {/adminapi/merchant/shop/detail, GET} route[39m[38;5;3m +0ms[39m
[32m[Nest] 37857  - [39m2025/09/28 18:31:41 [32m    LOG[39m [38;5;3m[RouterExplorer] [39m[32mMapped {/adminapi/merchant/shop/create, POST} route[39m[38;5;3m +1ms[39m
[32m[Nest] 37857  - [39m2025/09/28 18:31:41 [32m    LOG[39m [38;5;3m[RouterExplorer] [39m[32mMapped {/adminapi/merchant/shop/choose, POST} route[39m[38;5;3m +0ms[39m
[32m[Nest] 37857  - [39m2025/09/28 18:31:41 [32m    LOG[39m [38;5;3m[RouterExplorer] [39m[32mMapped {/adminapi/merchant/shop/setting, POST} route[39m[38;5;3m +0ms[39m
[32m[Nest] 37857  - [39m2025/09/28 18:31:41 [32m    LOG[39m [38;5;3m[RouterExplorer] [39m[32mMapped {/adminapi/merchant/shop/updateInfo, POST} route[39m[38;5;3m +0ms[39m
[32m[Nest] 37857  - [39m2025/09/28 18:31:41 [32m    LOG[39m [38;5;3m[RouterExplorer] [39m[32mMapped {/adminapi/merchant/shop/currentDetail, GET} route[39m[38;5;3m +0ms[39m
[32m[Nest] 37857  - [39m2025/09/28 18:31:41 [32m    LOG[39m [38;5;3m[RouterExplorer] [39m[32mMapped {/adminapi/merchant/shop/getVendorSetting, GET} route[39m[38;5;3m +0ms[39m
[32m[Nest] 37857  - [39m2025/09/28 18:31:41 [32m    LOG[39m [38;5;3m[RouterExplorer] [39m[32mMapped {/adminapi/merchant/shop/updateVendorSetting, POST} route[39m[38;5;3m +0ms[39m
[32m[Nest] 37857  - [39m2025/09/28 18:31:41 [32m    LOG[39m [38;5;3m[RoutesResolver] [39m[32mProductController {/api/product/product}:[39m[38;5;3m +0ms[39m
[32m[Nest] 37857  - [39m2025/09/28 18:31:41 [32m    LOG[39m [38;5;3m[RouterExplorer] [39m[32mMapped {/api/product/product/list, GET} route[39m[38;5;3m +0ms[39m
[32m[Nest] 37857  - [39m2025/09/28 18:31:41 [32m    LOG[39m [38;5;3m[RouterExplorer] [39m[32mMapped {/api/product/product/detail, GET} route[39m[38;5;3m +0ms[39m
[32m[Nest] 37857  - [39m2025/09/28 18:31:41 [32m    LOG[39m [38;5;3m[RouterExplorer] [39m[32mMapped {/api/product/product/public-detail, GET} route[39m[38;5;3m +0ms[39m
[32m[Nest] 37857  - [39m2025/09/28 18:31:41 [32m    LOG[39m [38;5;3m[RouterExplorer] [39m[32mMapped {/api/product/product/getComment, GET} route[39m[38;5;3m +0ms[39m
[32m[Nest] 37857  - [39m2025/09/28 18:31:41 [32m    LOG[39m [38;5;3m[RouterExplorer] [39m[32mMapped {/api/product/product/getCommentList, GET} route[39m[38;5;3m +0ms[39m
[32m[Nest] 37857  - [39m2025/09/28 18:31:41 [32m    LOG[39m [38;5;3m[RouterExplorer] [39m[32mMapped {/api/product/product/getProductAvailability, GET} route[39m[38;5;3m +0ms[39m
[32m[Nest] 37857  - [39m2025/09/28 18:31:41 [32m    LOG[39m [38;5;3m[RouterExplorer] [39m[32mMapped {/api/product/product/promotion, POST} route[39m[38;5;3m +0ms[39m
[32m[Nest] 37857  - [39m2025/09/28 18:31:41 [32m    LOG[39m [38;5;3m[RouterExplorer] [39m[32mMapped {/api/product/product/getProductAmount, POST} route[39m[38;5;3m +0ms[39m
[32m[Nest] 37857  - [39m2025/09/28 18:31:41 [32m    LOG[39m [38;5;3m[RouterExplorer] [39m[32mMapped {/api/product/product/getBatchProductAvailability, GET} route[39m[38;5;3m +0ms[39m
[32m[Nest] 37857  - [39m2025/09/28 18:31:41 [32m    LOG[39m [38;5;3m[RouterExplorer] [39m[32mMapped {/api/product/product/getCoupon, GET} route[39m[38;5;3m +0ms[39m
[32m[Nest] 37857  - [39m2025/09/28 18:31:41 [32m    LOG[39m [38;5;3m[RouterExplorer] [39m[32mMapped {/api/product/product/isCollect, GET} route[39m[38;5;3m +0ms[39m
[32m[Nest] 37857  - [39m2025/09/28 18:31:41 [32m    LOG[39m [38;5;3m[RouterExplorer] [39m[32mMapped {/api/product/product/addToCart, POST} route[39m[38;5;3m +0ms[39m
[32m[Nest] 37857  - [39m2025/09/28 18:31:41 [32m    LOG[39m [38;5;3m[RouterExplorer] [39m[32mMapped {/api/product/product/log, GET} route[39m[38;5;3m +0ms[39m
[32m[Nest] 37857  - [39m2025/09/28 18:31:41 [32m    LOG[39m [38;5;3m[RouterExplorer] [39m[32mMapped {/api/product/product/afterSalesService, GET} route[39m[38;5;3m +0ms[39m
[32m[Nest] 37857  - [39m2025/09/28 18:31:41 [32m    LOG[39m [38;5;3m[RoutesResolver] [39m[32mCategoryController {/admin/product/category}:[39m[38;5;3m +0ms[39m
[32m[Nest] 37857  - [39m2025/09/28 18:31:41 [32m    LOG[39m [38;5;3m[RouterExplorer] [39m[32mMapped {/admin/product/category, GET} route[39m[38;5;3m +0ms[39m
[32m[Nest] 37857  - [39m2025/09/28 18:31:41 [32m    LOG[39m [38;5;3m[RouterExplorer] [39m[32mMapped {/admin/product/category/all, GET} route[39m[38;5;3m +0ms[39m
[32m[Nest] 37857  - [39m2025/09/28 18:31:41 [32m    LOG[39m [38;5;3m[RouterExplorer] [39m[32mMapped {/admin/product/category/tree, GET} route[39m[38;5;3m +0ms[39m
[32m[Nest] 37857  - [39m2025/09/28 18:31:41 [32m    LOG[39m [38;5;3m[RouterExplorer] [39m[32mMapped {/admin/product/category/parent-tree, GET} route[39m[38;5;3m +0ms[39m
[32m[Nest] 37857  - [39m2025/09/28 18:31:41 [32m    LOG[39m [38;5;3m[RouterExplorer] [39m[32mMapped {/admin/product/category/detail, GET} route[39m[38;5;3m +0ms[39m
[32m[Nest] 37857  - [39m2025/09/28 18:31:41 [32m    LOG[39m [38;5;3m[RouterExplorer] [39m[32mMapped {/admin/product/category/parent-name, GET} route[39m[38;5;3m +0ms[39m
[32m[Nest] 37857  - [39m2025/09/28 18:31:41 [32m    LOG[39m [38;5;3m[RouterExplorer] [39m[32mMapped {/admin/product/category/parent-path/:categoryId, GET} route[39m[38;5;3m +0ms[39m
[32m[Nest] 37857  - [39m2025/09/28 18:31:41 [32m    LOG[39m [38;5;3m[RouterExplorer] [39m[32mMapped {/admin/product/category/hot, GET} route[39m[38;5;3m +0ms[39m
[32m[Nest] 37857  - [39m2025/09/28 18:31:41 [32m    LOG[39m [38;5;3m[RouterExplorer] [39m[32mMapped {/admin/product/category/show, GET} route[39m[38;5;3m +0ms[39m
[32m[Nest] 37857  - [39m2025/09/28 18:31:41 [32m    LOG[39m [38;5;3m[RouterExplorer] [39m[32mMapped {/admin/product/category, POST} route[39m[38;5;3m +0ms[39m
[32m[Nest] 37857  - [39m2025/09/28 18:31:41 [32m    LOG[39m [38;5;3m[RouterExplorer] [39m[32mMapped {/admin/product/category, PUT} route[39m[38;5;3m +0ms[39m
[32m[Nest] 37857  - [39m2025/09/28 18:31:41 [32m    LOG[39m [38;5;3m[RouterExplorer] [39m[32mMapped {/admin/product/category/field, PUT} route[39m[38;5;3m +0ms[39m
[32m[Nest] 37857  - [39m2025/09/28 18:31:41 [32m    LOG[39m [38;5;3m[RouterExplorer] [39m[32mMapped {/admin/product/category/move, POST} route[39m[38;5;3m +0ms[39m
[32m[Nest] 37857  - [39m2025/09/28 18:31:41 [32m    LOG[39m [38;5;3m[RouterExplorer] [39m[32mMapped {/admin/product/category, DELETE} route[39m[38;5;3m +0ms[39m
[32m[Nest] 37857  - [39m2025/09/28 18:31:41 [32m    LOG[39m [38;5;3m[RouterExplorer] [39m[32mMapped {/admin/product/category/batch, DELETE} route[39m[38;5;3m +0ms[39m
[32m[Nest] 37857  - [39m2025/09/28 18:31:41 [32m    LOG[39m [38;5;3m[RouterExplorer] [39m[32mMapped {/admin/product/category/children/:categoryId, GET} route[39m[38;5;3m +0ms[39m
[32m[Nest] 37857  - [39m2025/09/28 18:31:41 [32m    LOG[39m [38;5;3m[RoutesResolver] [39m[32mBrandController {/admin/product/brand}:[39m[38;5;3m +0ms[39m
[32m[Nest] 37857  - [39m2025/09/28 18:31:41 [32m    LOG[39m [38;5;3m[RouterExplorer] [39m[32mMapped {/admin/product/brand, GET} route[39m[38;5;3m +0ms[39m
[32m[Nest] 37857  - [39m2025/09/28 18:31:41 [32m    LOG[39m [38;5;3m[RouterExplorer] [39m[32mMapped {/admin/product/brand/all, GET} route[39m[38;5;3m +0ms[39m
[32m[Nest] 37857  - [39m2025/09/28 18:31:41 [32m    LOG[39m [38;5;3m[RouterExplorer] [39m[32mMapped {/admin/product/brand/search, GET} route[39m[38;5;3m +0ms[39m
[32m[Nest] 37857  - [39m2025/09/28 18:31:41 [32m    LOG[39m [38;5;3m[RouterExplorer] [39m[32mMapped {/admin/product/brand/first-words, GET} route[39m[38;5;3m +1ms[39m
[32m[Nest] 37857  - [39m2025/09/28 18:31:41 [32m    LOG[39m [38;5;3m[RouterExplorer] [39m[32mMapped {/admin/product/brand/audit-list, GET} route[39m[38;5;3m +0ms[39m
[32m[Nest] 37857  - [39m2025/09/28 18:31:41 [32m    LOG[39m [38;5;3m[RouterExplorer] [39m[32mMapped {/admin/product/brand/audit-wait-count, GET} route[39m[38;5;3m +0ms[39m
[32m[Nest] 37857  - [39m2025/09/28 18:31:41 [32m    LOG[39m [38;5;3m[RouterExplorer] [39m[32mMapped {/admin/product/brand/hot, GET} route[39m[38;5;3m +0ms[39m
[32m[Nest] 37857  - [39m2025/09/28 18:31:41 [32m    LOG[39m [38;5;3m[RouterExplorer] [39m[32mMapped {/admin/product/brand/show, GET} route[39m[38;5;3m +0ms[39m
[32m[Nest] 37857  - [39m2025/09/28 18:31:41 [32m    LOG[39m [38;5;3m[RouterExplorer] [39m[32mMapped {/admin/product/brand/detail, GET} route[39m[38;5;3m +0ms[39m
[32m[Nest] 37857  - [39m2025/09/28 18:31:41 [32m    LOG[39m [38;5;3m[RouterExplorer] [39m[32mMapped {/admin/product/brand, POST} route[39m[38;5;3m +0ms[39m
[32m[Nest] 37857  - [39m2025/09/28 18:31:41 [32m    LOG[39m [38;5;3m[RouterExplorer] [39m[32mMapped {/admin/product/brand, PUT} route[39m[38;5;3m +0ms[39m
[32m[Nest] 37857  - [39m2025/09/28 18:31:41 [32m    LOG[39m [38;5;3m[RouterExplorer] [39m[32mMapped {/admin/product/brand/field, PUT} route[39m[38;5;3m +0ms[39m
[32m[Nest] 37857  - [39m2025/09/28 18:31:41 [32m    LOG[39m [38;5;3m[RouterExplorer] [39m[32mMapped {/admin/product/brand/update-first-word, POST} route[39m[38;5;3m +0ms[39m
[32m[Nest] 37857  - [39m2025/09/28 18:31:41 [32m    LOG[39m [38;5;3m[RouterExplorer] [39m[32mMapped {/admin/product/brand/audit, POST} route[39m[38;5;3m +0ms[39m
[32m[Nest] 37857  - [39m2025/09/28 18:31:41 [32m    LOG[39m [38;5;3m[RouterExplorer] [39m[32mMapped {/admin/product/brand, DELETE} route[39m[38;5;3m +0ms[39m
[32m[Nest] 37857  - [39m2025/09/28 18:31:41 [32m    LOG[39m [38;5;3m[RouterExplorer] [39m[32mMapped {/admin/product/brand/batch, DELETE} route[39m[38;5;3m +0ms[39m
[32m[Nest] 37857  - [39m2025/09/28 18:31:41 [32m    LOG[39m [38;5;3m[RoutesResolver] [39m[32mCommentController {/product/comment}:[39m[38;5;3m +0ms[39m
[32m[Nest] 37857  - [39m2025/09/28 18:31:41 [32m    LOG[39m [38;5;3m[RouterExplorer] [39m[32mMapped {/product/comment/create, POST} route[39m[38;5;3m +0ms[39m
[32m[Nest] 37857  - [39m2025/09/28 18:31:41 [32m    LOG[39m [38;5;3m[RouterExplorer] [39m[32mMapped {/product/comment/getCommentList, GET} route[39m[38;5;3m +0ms[39m
[32m[Nest] 37857  - [39m2025/09/28 18:31:41 [32m    LOG[39m [38;5;3m[RouterExplorer] [39m[32mMapped {/product/comment/getComment/:commentId, GET} route[39m[38;5;3m +0ms[39m
[32m[Nest] 37857  - [39m2025/09/28 18:31:41 [32m    LOG[39m [38;5;3m[RouterExplorer] [39m[32mMapped {/product/comment/update/:commentId, PUT} route[39m[38;5;3m +0ms[39m
[32m[Nest] 37857  - [39m2025/09/28 18:31:41 [32m    LOG[39m [38;5;3m[RouterExplorer] [39m[32mMapped {/product/comment/delete/:commentId, DELETE} route[39m[38;5;3m +0ms[39m
[32m[Nest] 37857  - [39m2025/09/28 18:31:41 [32m    LOG[39m [38;5;3m[RouterExplorer] [39m[32mMapped {/product/comment/like/:commentId, POST} route[39m[38;5;3m +0ms[39m
[32m[Nest] 37857  - [39m2025/09/28 18:31:41 [32m    LOG[39m [38;5;3m[RouterExplorer] [39m[32mMapped {/product/comment/reply/:commentId, POST} route[39m[38;5;3m +0ms[39m
[32m[Nest] 37857  - [39m2025/09/28 18:31:41 [32m    LOG[39m [38;5;3m[RouterExplorer] [39m[32mMapped {/product/comment/getStats/:productId, GET} route[39m[38;5;3m +0ms[39m
[32m[Nest] 37857  - [39m2025/09/28 18:31:41 [32m    LOG[39m [38;5;3m[RouterExplorer] [39m[32mMapped {/product/comment/user/list, GET} route[39m[38;5;3m +0ms[39m
[32m[Nest] 37857  - [39m2025/09/28 18:31:41 [32m    LOG[39m [38;5;3m[RouterExplorer] [39m[32mMapped {/product/comment/product/:productId, GET} route[39m[38;5;3m +0ms[39m
[32m[Nest] 37857  - [39m2025/09/28 18:31:41 [32m    LOG[39m [38;5;3m[RoutesResolver] [39m[32mSkuController {/product/sku}:[39m[38;5;3m +0ms[39m
[32m[Nest] 37857  - [39m2025/09/28 18:31:41 [32m    LOG[39m [38;5;3m[RouterExplorer] [39m[32mMapped {/product/sku/create, POST} route[39m[38;5;3m +0ms[39m
[32m[Nest] 37857  - [39m2025/09/28 18:31:41 [32m    LOG[39m [38;5;3m[RouterExplorer] [39m[32mMapped {/product/sku/list, GET} route[39m[38;5;3m +0ms[39m
[32m[Nest] 37857  - [39m2025/09/28 18:31:41 [32m    LOG[39m [38;5;3m[RouterExplorer] [39m[32mMapped {/product/sku/detail, GET} route[39m[38;5;3m +0ms[39m
[32m[Nest] 37857  - [39m2025/09/28 18:31:41 [32m    LOG[39m [38;5;3m[RouterExplorer] [39m[32mMapped {/product/sku/update, PUT} route[39m[38;5;3m +0ms[39m
[32m[Nest] 37857  - [39m2025/09/28 18:31:41 [32m    LOG[39m [38;5;3m[RouterExplorer] [39m[32mMapped {/product/sku/delete, DELETE} route[39m[38;5;3m +0ms[39m
[32m[Nest] 37857  - [39m2025/09/28 18:31:41 [32m    LOG[39m [38;5;3m[RouterExplorer] [39m[32mMapped {/product/sku/updateStock, PUT} route[39m[38;5;3m +0ms[39m
[32m[Nest] 37857  - [39m2025/09/28 18:31:41 [32m    LOG[39m [38;5;3m[RouterExplorer] [39m[32mMapped {/product/sku/batchUpdateStock, PUT} route[39m[38;5;3m +0ms[39m
[32m[Nest] 37857  - [39m2025/09/28 18:31:41 [32m    LOG[39m [38;5;3m[RouterExplorer] [39m[32mMapped {/product/sku/updatePrice, PUT} route[39m[38;5;3m +0ms[39m
[32m[Nest] 37857  - [39m2025/09/28 18:31:41 [32m    LOG[39m [38;5;3m[RouterExplorer] [39m[32mMapped {/product/sku/getAvailability, POST} route[39m[38;5;3m +0ms[39m
[32m[Nest] 37857  - [39m2025/09/28 18:31:41 [32m    LOG[39m [38;5;3m[RouterExplorer] [39m[32mMapped {/product/sku/getProductSkus, GET} route[39m[38;5;3m +0ms[39m
[32m[Nest] 37857  - [39m2025/09/28 18:31:41 [32m    LOG[39m [38;5;3m[RouterExplorer] [39m[32mMapped {/product/sku/getStats, GET} route[39m[38;5;3m +0ms[39m
[32m[Nest] 37857  - [39m2025/09/28 18:31:41 [32m    LOG[39m [38;5;3m[RouterExplorer] [39m[32mMapped {/product/sku/checkCode, GET} route[39m[38;5;3m +0ms[39m
[32m[Nest] 37857  - [39m2025/09/28 18:31:41 [32m    LOG[39m [38;5;3m[RouterExplorer] [39m[32mMapped {/product/sku/getSkuTree, GET} route[39m[38;5;3m +0ms[39m
[32m[Nest] 37857  - [39m2025/09/28 18:31:41 [32m    LOG[39m [38;5;3m[RouterExplorer] [39m[32mMapped {/product/sku/batchEnable, PUT} route[39m[38;5;3m +0ms[39m
[32m[Nest] 37857  - [39m2025/09/28 18:31:41 [32m    LOG[39m [38;5;3m[RouterExplorer] [39m[32mMapped {/product/sku/getHistory, GET} route[39m[38;5;3m +0ms[39m
[32m[Nest] 37857  - [39m2025/09/28 18:31:41 [32m    LOG[39m [38;5;3m[RoutesResolver] [39m[32mCartController {/api/cart/cart}:[39m[38;5;3m +0ms[39m
[32m[Nest] 37857  - [39m2025/09/28 18:31:41 [32m    LOG[39m [38;5;3m[RouterExplorer] [39m[32mMapped {/api/cart/cart/list, GET} route[39m[38;5;3m +0ms[39m
[32m[Nest] 37857  - [39m2025/09/28 18:31:41 [32m    LOG[39m [38;5;3m[RouterExplorer] [39m[32mMapped {/api/cart/cart/addToCart, POST} route[39m[38;5;3m +0ms[39m
[32m[Nest] 37857  - [39m2025/09/28 18:31:41 [32m    LOG[39m [38;5;3m[RouterExplorer] [39m[32mMapped {/api/cart/cart/updateItem, POST} route[39m[38;5;3m +0ms[39m
[32m[Nest] 37857  - [39m2025/09/28 18:31:41 [32m    LOG[39m [38;5;3m[RouterExplorer] [39m[32mMapped {/api/cart/cart/updateCheck, POST} route[39m[38;5;3m +1ms[39m
[32m[Nest] 37857  - [39m2025/09/28 18:31:41 [32m    LOG[39m [38;5;3m[RouterExplorer] [39m[32mMapped {/api/cart/cart/removeItem, POST} route[39m[38;5;3m +0ms[39m
[32m[Nest] 37857  - [39m2025/09/28 18:31:41 [32m    LOG[39m [38;5;3m[RouterExplorer] [39m[32mMapped {/api/cart/cart/clear, POST} route[39m[38;5;3m +0ms[39m
[32m[Nest] 37857  - [39m2025/09/28 18:31:41 [32m    LOG[39m [38;5;3m[RouterExplorer] [39m[32mMapped {/api/cart/cart/getCount, GET} route[39m[38;5;3m +0ms[39m
[32m[Nest] 37857  - [39m2025/09/28 18:31:41 [32m    LOG[39m [38;5;3m[RouterExplorer] [39m[32mMapped {/api/cart/cart/getCouponDiscount, GET} route[39m[38;5;3m +0ms[39m
[32m[Nest] 37857  - [39m2025/09/28 18:31:41 [32m    LOG[39m [38;5;3m[RoutesResolver] [39m[32mOrderController {/api/user/order}:[39m[38;5;3m +0ms[39m
[32m[Nest] 37857  - [39m2025/09/28 18:31:41 [32m    LOG[39m [38;5;3m[RouterExplorer] [39m[32mMapped {/api/user/order/list, GET} route[39m[38;5;3m +0ms[39m
[32m[Nest] 37857  - [39m2025/09/28 18:31:41 [32m    LOG[39m [38;5;3m[RouterExplorer] [39m[32mMapped {/api/user/order/detail, GET} route[39m[38;5;3m +0ms[39m
[32m[Nest] 37857  - [39m2025/09/28 18:31:41 [32m    LOG[39m [38;5;3m[RouterExplorer] [39m[32mMapped {/api/user/order/orderNum, GET} route[39m[38;5;3m +0ms[39m
[32m[Nest] 37857  - [39m2025/09/28 18:31:41 [32m    LOG[39m [38;5;3m[RouterExplorer] [39m[32mMapped {/api/user/order/delOrder, POST} route[39m[38;5;3m +0ms[39m
[32m[Nest] 37857  - [39m2025/09/28 18:31:41 [32m    LOG[39m [38;5;3m[RouterExplorer] [39m[32mMapped {/api/user/order/cancelOrder, POST} route[39m[38;5;3m +0ms[39m
[32m[Nest] 37857  - [39m2025/09/28 18:31:41 [32m    LOG[39m [38;5;3m[RouterExplorer] [39m[32mMapped {/api/user/order/confirmReceipt, POST} route[39m[38;5;3m +0ms[39m
[32m[Nest] 37857  - [39m2025/09/28 18:31:41 [32m    LOG[39m [38;5;3m[RouterExplorer] [39m[32mMapped {/api/user/order/buyAgain, POST} route[39m[38;5;3m +0ms[39m
[32m[Nest] 37857  - [39m2025/09/28 18:31:41 [32m    LOG[39m [38;5;3m[RouterExplorer] [39m[32mMapped {/api/user/order/shippingInfo, GET} route[39m[38;5;3m +0ms[39m
[32m[Nest] 37857  - [39m2025/09/28 18:31:41 [32m    LOG[39m [38;5;3m[RoutesResolver] [39m[32mOrderCheckController {/order}:[39m[38;5;3m +0ms[39m
[32m[Nest] 37857  - [39m2025/09/28 18:31:41 [32m    LOG[39m [38;5;3m[RouterExplorer] [39m[32mMapped {/order/check/index, POST} route[39m[38;5;3m +0ms[39m
[32m[Nest] 37857  - [39m2025/09/28 18:31:41 [32m    LOG[39m [38;5;3m[RouterExplorer] [39m[32mMapped {/order/check/update, POST} route[39m[38;5;3m +0ms[39m
[32m[Nest] 37857  - [39m2025/09/28 18:31:41 [32m    LOG[39m [38;5;3m[RouterExplorer] [39m[32mMapped {/order/check/getAvailablePaymentType, GET} route[39m[38;5;3m +0ms[39m
[32m[Nest] 37857  - [39m2025/09/28 18:31:41 [32m    LOG[39m [38;5;3m[RouterExplorer] [39m[32mMapped {/order/check/getStoreShippingType, GET} route[39m[38;5;3m +0ms[39m
[32m[Nest] 37857  - [39m2025/09/28 18:31:41 [32m    LOG[39m [38;5;3m[RouterExplorer] [39m[32mMapped {/order/check/updateCoupon, POST} route[39m[38;5;3m +0ms[39m
[32m[Nest] 37857  - [39m2025/09/28 18:31:41 [32m    LOG[39m [38;5;3m[RouterExplorer] [39m[32mMapped {/order/check/submit, POST} route[39m[38;5;3m +0ms[39m
[32m[Nest] 37857  - [39m2025/09/28 18:31:41 [32m    LOG[39m [38;5;3m[RouterExplorer] [39m[32mMapped {/order/check/getInvoice, GET} route[39m[38;5;3m +0ms[39m
[32m[Nest] 37857  - [39m2025/09/28 18:31:41 [32m    LOG[39m [38;5;3m[RoutesResolver] [39m[32mAftersalesController {/admin/aftersales}:[39m[38;5;3m +0ms[39m
[32m[Nest] 37857  - [39m2025/09/28 18:31:41 [32m    LOG[39m [38;5;3m[RouterExplorer] [39m[32mMapped {/admin/aftersales, GET} route[39m[38;5;3m +0ms[39m
[32m[Nest] 37857  - [39m2025/09/28 18:31:41 [32m    LOG[39m [38;5;3m[RouterExplorer] [39m[32mMapped {/admin/aftersales/apply-type, GET} route[39m[38;5;3m +0ms[39m
[32m[Nest] 37857  - [39m2025/09/28 18:31:41 [32m    LOG[39m [38;5;3m[RouterExplorer] [39m[32mMapped {/admin/aftersales/return-goods-status, GET} route[39m[38;5;3m +0ms[39m
[32m[Nest] 37857  - [39m2025/09/28 18:31:41 [32m    LOG[39m [38;5;3m[RouterExplorer] [39m[32mMapped {/admin/aftersales/detail, GET} route[39m[38;5;3m +0ms[39m
[32m[Nest] 37857  - [39m2025/09/28 18:31:41 [32m    LOG[39m [38;5;3m[RouterExplorer] [39m[32mMapped {/admin/aftersales, PUT} route[39m[38;5;3m +0ms[39m
[32m[Nest] 37857  - [39m2025/09/28 18:31:41 [32m    LOG[39m [38;5;3m[RouterExplorer] [39m[32mMapped {/admin/aftersales/complete, PUT} route[39m[38;5;3m +0ms[39m
[32m[Nest] 37857  - [39m2025/09/28 18:31:41 [32m    LOG[39m [38;5;3m[RoutesResolver] [39m[32mPaymentController {/order/pay}:[39m[38;5;3m +0ms[39m
[32m[Nest] 37857  - [39m2025/09/28 18:31:41 [32m    LOG[39m [38;5;3m[RouterExplorer] [39m[32mMapped {/order/pay/create, POST} route[39m[38;5;3m +0ms[39m
[32m[Nest] 37857  - [39m2025/09/28 18:31:41 [32m    LOG[39m [38;5;3m[RouterExplorer] [39m[32mMapped {/order/pay/status, GET} route[39m[38;5;3m +0ms[39m
[32m[Nest] 37857  - [39m2025/09/28 18:31:41 [32m    LOG[39m [38;5;3m[RouterExplorer] [39m[32mMapped {/order/pay/notify, POST} route[39m[38;5;3m +0ms[39m
[32m[Nest] 37857  - [39m2025/09/28 18:31:41 [32m    LOG[39m [38;5;3m[RouterExplorer] [39m[32mMapped {/order/pay/refund, POST} route[39m[38;5;3m +0ms[39m
[32m[Nest] 37857  - [39m2025/09/28 18:31:41 [32m    LOG[39m [38;5;3m[RouterExplorer] [39m[32mMapped {/order/pay/paymentMethods, GET} route[39m[38;5;3m +0ms[39m
[32m[Nest] 37857  - [39m2025/09/28 18:31:41 [32m    LOG[39m [38;5;3m[RouterExplorer] [39m[32mMapped {/order/pay/simulate/success, POST} route[39m[38;5;3m +0ms[39m
[32m[Nest] 37857  - [39m2025/09/28 18:31:41 [32m    LOG[39m [38;5;3m[RoutesResolver] [39m[32mCouponController {/coupon}:[39m[38;5;3m +0ms[39m
[32m[Nest] 37857  - [39m2025/09/28 18:31:41 [32m    LOG[39m [38;5;3m[RouterExplorer] [39m[32mMapped {/coupon/create, POST} route[39m[38;5;3m +0ms[39m
[32m[Nest] 37857  - [39m2025/09/28 18:31:41 [32m    LOG[39m [38;5;3m[RouterExplorer] [39m[32mMapped {/coupon/list, GET} route[39m[38;5;3m +0ms[39m
[32m[Nest] 37857  - [39m2025/09/28 18:31:41 [32m    LOG[39m [38;5;3m[RouterExplorer] [39m[32mMapped {/coupon/user/list, GET} route[39m[38;5;3m +0ms[39m
[32m[Nest] 37857  - [39m2025/09/28 18:31:41 [32m    LOG[39m [38;5;3m[RouterExplorer] [39m[32mMapped {/coupon/detail/:couponId, GET} route[39m[38;5;3m +0ms[39m
[32m[Nest] 37857  - [39m2025/09/28 18:31:41 [32m    LOG[39m [38;5;3m[RouterExplorer] [39m[32mMapped {/coupon/update/:couponId, PUT} route[39m[38;5;3m +0ms[39m
[32m[Nest] 37857  - [39m2025/09/28 18:31:41 [32m    LOG[39m [38;5;3m[RouterExplorer] [39m[32mMapped {/coupon/delete/:couponId, DELETE} route[39m[38;5;3m +0ms[39m
[32m[Nest] 37857  - [39m2025/09/28 18:31:41 [32m    LOG[39m [38;5;3m[RouterExplorer] [39m[32mMapped {/coupon/receive/:couponId, POST} route[39m[38;5;3m +0ms[39m
[32m[Nest] 37857  - [39m2025/09/28 18:31:41 [32m    LOG[39m [38;5;3m[RouterExplorer] [39m[32mMapped {/coupon/validate, POST} route[39m[38;5;3m +0ms[39m
[32m[Nest] 37857  - [39m2025/09/28 18:31:41 [32m    LOG[39m [38;5;3m[RouterExplorer] [39m[32mMapped {/coupon/use, POST} route[39m[38;5;3m +1ms[39m
[32m[Nest] 37857  - [39m2025/09/28 18:31:41 [32m    LOG[39m [38;5;3m[RouterExplorer] [39m[32mMapped {/coupon/available, GET} route[39m[38;5;3m +0ms[39m
[32m[Nest] 37857  - [39m2025/09/28 18:31:41 [32m    LOG[39m [38;5;3m[RouterExplorer] [39m[32mMapped {/coupon/getCouponDiscount, POST} route[39m[38;5;3m +0ms[39m
[32m[Nest] 37857  - [39m2025/09/28 18:31:41 [32m    LOG[39m [38;5;3m[RoutesResolver] [39m[32mPromotionController {/admin/promotion}:[39m[38;5;3m +0ms[39m
[32m[Nest] 37857  - [39m2025/09/28 18:31:41 [32m    LOG[39m [38;5;3m[RouterExplorer] [39m[32mMapped {/admin/promotion, GET} route[39m[38;5;3m +0ms[39m
[32m[Nest] 37857  - [39m2025/09/28 18:31:41 [32m    LOG[39m [38;5;3m[RouterExplorer] [39m[32mMapped {/admin/promotion/count, GET} route[39m[38;5;3m +0ms[39m
[32m[Nest] 37857  - [39m2025/09/28 18:31:41 [32m    LOG[39m [38;5;3m[RouterExplorer] [39m[32mMapped {/admin/promotion/:id, GET} route[39m[38;5;3m +0ms[39m
[32m[Nest] 37857  - [39m2025/09/28 18:31:41 [32m    LOG[39m [38;5;3m[RouterExplorer] [39m[32mMapped {/admin/promotion, POST} route[39m[38;5;3m +0ms[39m
[32m[Nest] 37857  - [39m2025/09/28 18:31:41 [32m    LOG[39m [38;5;3m[RouterExplorer] [39m[32mMapped {/admin/promotion/:id, PUT} route[39m[38;5;3m +0ms[39m
[32m[Nest] 37857  - [39m2025/09/28 18:31:41 [32m    LOG[39m [38;5;3m[RouterExplorer] [39m[32mMapped {/admin/promotion/:id/field, PUT} route[39m[38;5;3m +0ms[39m
[32m[Nest] 37857  - [39m2025/09/28 18:31:41 [32m    LOG[39m [38;5;3m[RouterExplorer] [39m[32mMapped {/admin/promotion/:id, DELETE} route[39m[38;5;3m +0ms[39m
[32m[Nest] 37857  - [39m2025/09/28 18:31:41 [32m    LOG[39m [38;5;3m[RouterExplorer] [39m[32mMapped {/admin/promotion/batch, POST} route[39m[38;5;3m +0ms[39m
[32m[Nest] 37857  - [39m2025/09/28 18:31:41 [32m    LOG[39m [38;5;3m[RoutesResolver] [39m[32mCouponController {/admin/coupon}:[39m[38;5;3m +0ms[39m
[32m[Nest] 37857  - [39m2025/09/28 18:31:41 [32m    LOG[39m [38;5;3m[RouterExplorer] [39m[32mMapped {/admin/coupon, GET} route[39m[38;5;3m +0ms[39m
[32m[Nest] 37857  - [39m2025/09/28 18:31:41 [32m    LOG[39m [38;5;3m[RouterExplorer] [39m[32mMapped {/admin/coupon/config, GET} route[39m[38;5;3m +0ms[39m
[32m[Nest] 37857  - [39m2025/09/28 18:31:41 [32m    LOG[39m [38;5;3m[RouterExplorer] [39m[32mMapped {/admin/coupon/:id, GET} route[39m[38;5;3m +0ms[39m
[32m[Nest] 37857  - [39m2025/09/28 18:31:41 [32m    LOG[39m [38;5;3m[RouterExplorer] [39m[32mMapped {/admin/coupon, POST} route[39m[38;5;3m +0ms[39m
[32m[Nest] 37857  - [39m2025/09/28 18:31:41 [32m    LOG[39m [38;5;3m[RouterExplorer] [39m[32mMapped {/admin/coupon/:id, PUT} route[39m[38;5;3m +0ms[39m
[32m[Nest] 37857  - [39m2025/09/28 18:31:41 [32m    LOG[39m [38;5;3m[RouterExplorer] [39m[32mMapped {/admin/coupon/:id/field, PUT} route[39m[38;5;3m +0ms[39m
[32m[Nest] 37857  - [39m2025/09/28 18:31:41 [32m    LOG[39m [38;5;3m[RouterExplorer] [39m[32mMapped {/admin/coupon/:id, DELETE} route[39m[38;5;3m +0ms[39m
[32m[Nest] 37857  - [39m2025/09/28 18:31:41 [32m    LOG[39m [38;5;3m[RouterExplorer] [39m[32mMapped {/admin/coupon/batch, POST} route[39m[38;5;3m +0ms[39m
[32m[Nest] 37857  - [39m2025/09/28 18:31:41 [32m    LOG[39m [38;5;3m[RoutesResolver] [39m[32mSeckillController {/admin/seckill}:[39m[38;5;3m +0ms[39m
[32m[Nest] 37857  - [39m2025/09/28 18:31:41 [32m    LOG[39m [38;5;3m[RouterExplorer] [39m[32mMapped {/admin/seckill, GET} route[39m[38;5;3m +0ms[39m
[32m[Nest] 37857  - [39m2025/09/28 18:31:41 [32m    LOG[39m [38;5;3m[RouterExplorer] [39m[32mMapped {/admin/seckill/detail, GET} route[39m[38;5;3m +0ms[39m
[32m[Nest] 37857  - [39m2025/09/28 18:31:41 [32m    LOG[39m [38;5;3m[RouterExplorer] [39m[32mMapped {/admin/seckill, POST} route[39m[38;5;3m +0ms[39m
[32m[Nest] 37857  - [39m2025/09/28 18:31:41 [32m    LOG[39m [38;5;3m[RouterExplorer] [39m[32mMapped {/admin/seckill, PUT} route[39m[38;5;3m +0ms[39m
[32m[Nest] 37857  - [39m2025/09/28 18:31:41 [32m    LOG[39m [38;5;3m[RouterExplorer] [39m[32mMapped {/admin/seckill/field, PUT} route[39m[38;5;3m +0ms[39m
[32m[Nest] 37857  - [39m2025/09/28 18:31:41 [32m    LOG[39m [38;5;3m[RouterExplorer] [39m[32mMapped {/admin/seckill, DELETE} route[39m[38;5;3m +0ms[39m
[32m[Nest] 37857  - [39m2025/09/28 18:31:41 [32m    LOG[39m [38;5;3m[RouterExplorer] [39m[32mMapped {/admin/seckill/batch, DELETE} route[39m[38;5;3m +0ms[39m
[32m[Nest] 37857  - [39m2025/09/28 18:31:41 [32m    LOG[39m [38;5;3m[RoutesResolver] [39m[32mGrouponController {/admin/groupon}:[39m[38;5;3m +0ms[39m
[32m[Nest] 37857  - [39m2025/09/28 18:31:41 [32m    LOG[39m [38;5;3m[RouterExplorer] [39m[32mMapped {/admin/groupon, GET} route[39m[38;5;3m +0ms[39m
[32m[Nest] 37857  - [39m2025/09/28 18:31:41 [32m    LOG[39m [38;5;3m[RouterExplorer] [39m[32mMapped {/admin/groupon/detail, GET} route[39m[38;5;3m +0ms[39m
[32m[Nest] 37857  - [39m2025/09/28 18:31:41 [32m    LOG[39m [38;5;3m[RouterExplorer] [39m[32mMapped {/admin/groupon, POST} route[39m[38;5;3m +0ms[39m
[32m[Nest] 37857  - [39m2025/09/28 18:31:41 [32m    LOG[39m [38;5;3m[RouterExplorer] [39m[32mMapped {/admin/groupon, PUT} route[39m[38;5;3m +0ms[39m
[32m[Nest] 37857  - [39m2025/09/28 18:31:41 [32m    LOG[39m [38;5;3m[RouterExplorer] [39m[32mMapped {/admin/groupon, DELETE} route[39m[38;5;3m +0ms[39m
[32m[Nest] 37857  - [39m2025/09/28 18:31:41 [32m    LOG[39m [38;5;3m[RouterExplorer] [39m[32mMapped {/admin/groupon/batch, DELETE} route[39m[38;5;3m +0ms[39m
[32m[Nest] 37857  - [39m2025/09/28 18:31:41 [32m    LOG[39m [38;5;3m[RoutesResolver] [39m[32mBargainController {/admin/bargain}:[39m[38;5;3m +0ms[39m
[32m[Nest] 37857  - [39m2025/09/28 18:31:41 [32m    LOG[39m [38;5;3m[RouterExplorer] [39m[32mMapped {/admin/bargain, GET} route[39m[38;5;3m +0ms[39m
[32m[Nest] 37857  - [39m2025/09/28 18:31:41 [32m    LOG[39m [38;5;3m[RouterExplorer] [39m[32mMapped {/admin/bargain/detail, GET} route[39m[38;5;3m +0ms[39m
[32m[Nest] 37857  - [39m2025/09/28 18:31:41 [32m    LOG[39m [38;5;3m[RouterExplorer] [39m[32mMapped {/admin/bargain, POST} route[39m[38;5;3m +0ms[39m
[32m[Nest] 37857  - [39m2025/09/28 18:31:41 [32m    LOG[39m [38;5;3m[RouterExplorer] [39m[32mMapped {/admin/bargain, PUT} route[39m[38;5;3m +0ms[39m
[32m[Nest] 37857  - [39m2025/09/28 18:31:41 [32m    LOG[39m [38;5;3m[RouterExplorer] [39m[32mMapped {/admin/bargain/field, PUT} route[39m[38;5;3m +1ms[39m
[32m[Nest] 37857  - [39m2025/09/28 18:31:41 [32m    LOG[39m [38;5;3m[RouterExplorer] [39m[32mMapped {/admin/bargain, DELETE} route[39m[38;5;3m +0ms[39m
[32m[Nest] 37857  - [39m2025/09/28 18:31:41 [32m    LOG[39m [38;5;3m[RouterExplorer] [39m[32mMapped {/admin/bargain/batch, DELETE} route[39m[38;5;3m +0ms[39m
[32m[Nest] 37857  - [39m2025/09/28 18:31:41 [32m    LOG[39m [38;5;3m[RoutesResolver] [39m[32mPointsExchangeController {/admin/points-exchange}:[39m[38;5;3m +0ms[39m
[32m[Nest] 37857  - [39m2025/09/28 18:31:41 [32m    LOG[39m [38;5;3m[RouterExplorer] [39m[32mMapped {/admin/points-exchange, GET} route[39m[38;5;3m +0ms[39m
[32m[Nest] 37857  - [39m2025/09/28 18:31:41 [32m    LOG[39m [38;5;3m[RouterExplorer] [39m[32mMapped {/admin/points-exchange/detail, GET} route[39m[38;5;3m +0ms[39m
[32m[Nest] 37857  - [39m2025/09/28 18:31:41 [32m    LOG[39m [38;5;3m[RouterExplorer] [39m[32mMapped {/admin/points-exchange, POST} route[39m[38;5;3m +0ms[39m
[32m[Nest] 37857  - [39m2025/09/28 18:31:41 [32m    LOG[39m [38;5;3m[RouterExplorer] [39m[32mMapped {/admin/points-exchange, PUT} route[39m[38;5;3m +0ms[39m
[32m[Nest] 37857  - [39m2025/09/28 18:31:41 [32m    LOG[39m [38;5;3m[RouterExplorer] [39m[32mMapped {/admin/points-exchange/field, PUT} route[39m[38;5;3m +0ms[39m
[32m[Nest] 37857  - [39m2025/09/28 18:31:41 [32m    LOG[39m [38;5;3m[RouterExplorer] [39m[32mMapped {/admin/points-exchange, DELETE} route[39m[38;5;3m +0ms[39m
[32m[Nest] 37857  - [39m2025/09/28 18:31:41 [32m    LOG[39m [38;5;3m[RouterExplorer] [39m[32mMapped {/admin/points-exchange/batch, DELETE} route[39m[38;5;3m +0ms[39m
[32m[Nest] 37857  - [39m2025/09/28 18:31:41 [32m    LOG[39m [38;5;3m[RoutesResolver] [39m[32mSignInController {/admin/sign-in}:[39m[38;5;3m +0ms[39m
[32m[Nest] 37857  - [39m2025/09/28 18:31:41 [32m    LOG[39m [38;5;3m[RouterExplorer] [39m[32mMapped {/admin/sign-in, GET} route[39m[38;5;3m +0ms[39m
[32m[Nest] 37857  - [39m2025/09/28 18:31:41 [32m    LOG[39m [38;5;3m[RouterExplorer] [39m[32mMapped {/admin/sign-in/detail, GET} route[39m[38;5;3m +0ms[39m
[32m[Nest] 37857  - [39m2025/09/28 18:31:41 [32m    LOG[39m [38;5;3m[RouterExplorer] [39m[32mMapped {/admin/sign-in, POST} route[39m[38;5;3m +0ms[39m
[32m[Nest] 37857  - [39m2025/09/28 18:31:41 [32m    LOG[39m [38;5;3m[RouterExplorer] [39m[32mMapped {/admin/sign-in, PUT} route[39m[38;5;3m +0ms[39m
[32m[Nest] 37857  - [39m2025/09/28 18:31:41 [32m    LOG[39m [38;5;3m[RouterExplorer] [39m[32mMapped {/admin/sign-in, DELETE} route[39m[38;5;3m +0ms[39m
[32m[Nest] 37857  - [39m2025/09/28 18:31:41 [32m    LOG[39m [38;5;3m[RouterExplorer] [39m[32mMapped {/admin/sign-in/batch, DELETE} route[39m[38;5;3m +0ms[39m
[32m[Nest] 37857  - [39m2025/09/28 18:31:41 [32m    LOG[39m [38;5;3m[RouterExplorer] [39m[32mMapped {/admin/sign-in/user/data, GET} route[39m[38;5;3m +0ms[39m
[32m[Nest] 37857  - [39m2025/09/28 18:31:41 [32m    LOG[39m [38;5;3m[RouterExplorer] [39m[32mMapped {/admin/sign-in/user/sign, POST} route[39m[38;5;3m +0ms[39m
[32m[Nest] 37857  - [39m2025/09/28 18:31:41 [32m    LOG[39m [38;5;3m[RouterExplorer] [39m[32mMapped {/admin/sign-in/user/check, GET} route[39m[38;5;3m +0ms[39m
[32m[Nest] 37857  - [39m2025/09/28 18:31:41 [32m    LOG[39m [38;5;3m[RouterExplorer] [39m[32mMapped {/admin/sign-in/user/count, GET} route[39m[38;5;3m +0ms[39m
[32m[Nest] 37857  - [39m2025/09/28 18:31:41 [32m    LOG[39m [38;5;3m[RoutesResolver] [39m[32mProductTeamController {/promotion/product_team}:[39m[38;5;3m +0ms[39m
[32m[Nest] 37857  - [39m2025/09/28 18:31:41 [32m    LOG[39m [38;5;3m[RouterExplorer] [39m[32mMapped {/promotion/product_team/list, GET} route[39m[38;5;3m +0ms[39m
[32m[Nest] 37857  - [39m2025/09/28 18:31:41 [32m    LOG[39m [38;5;3m[RouterExplorer] [39m[32mMapped {/promotion/product_team/config, GET} route[39m[38;5;3m +0ms[39m
[32m[Nest] 37857  - [39m2025/09/28 18:31:41 [32m    LOG[39m [38;5;3m[RouterExplorer] [39m[32mMapped {/promotion/product_team/detail, GET} route[39m[38;5;3m +0ms[39m
[32m[Nest] 37857  - [39m2025/09/28 18:31:41 [32m    LOG[39m [38;5;3m[RouterExplorer] [39m[32mMapped {/promotion/product_team/create, POST} route[39m[38;5;3m +0ms[39m
[32m[Nest] 37857  - [39m2025/09/28 18:31:41 [32m    LOG[39m [38;5;3m[RouterExplorer] [39m[32mMapped {/promotion/product_team/update, PUT} route[39m[38;5;3m +0ms[39m
[32m[Nest] 37857  - [39m2025/09/28 18:31:41 [32m    LOG[39m [38;5;3m[RouterExplorer] [39m[32mMapped {/promotion/product_team/del, DELETE} route[39m[38;5;3m +0ms[39m
[32m[Nest] 37857  - [39m2025/09/28 18:31:41 [32m    LOG[39m [38;5;3m[RouterExplorer] [39m[32mMapped {/promotion/product_team/batch, POST} route[39m[38;5;3m +0ms[39m
[32m[Nest] 37857  - [39m2025/09/28 18:31:41 [32m    LOG[39m [38;5;3m[RoutesResolver] [39m[32mRechargeSettingController {/promotion/recharge_setting}:[39m[38;5;3m +0ms[39m
[32m[Nest] 37857  - [39m2025/09/28 18:31:41 [32m    LOG[39m [38;5;3m[RouterExplorer] [39m[32mMapped {/promotion/recharge_setting/list, GET} route[39m[38;5;3m +0ms[39m
[32m[Nest] 37857  - [39m2025/09/28 18:31:41 [32m    LOG[39m [38;5;3m[RouterExplorer] [39m[32mMapped {/promotion/recharge_setting/config, GET} route[39m[38;5;3m +0ms[39m
[32m[Nest] 37857  - [39m2025/09/28 18:31:41 [32m    LOG[39m [38;5;3m[RouterExplorer] [39m[32mMapped {/promotion/recharge_setting/detail, GET} route[39m[38;5;3m +0ms[39m
[32m[Nest] 37857  - [39m2025/09/28 18:31:41 [32m    LOG[39m [38;5;3m[RouterExplorer] [39m[32mMapped {/promotion/recharge_setting/create, POST} route[39m[38;5;3m +0ms[39m
[32m[Nest] 37857  - [39m2025/09/28 18:31:41 [32m    LOG[39m [38;5;3m[RouterExplorer] [39m[32mMapped {/promotion/recharge_setting/update, PUT} route[39m[38;5;3m +0ms[39m
[32m[Nest] 37857  - [39m2025/09/28 18:31:41 [32m    LOG[39m [38;5;3m[RouterExplorer] [39m[32mMapped {/promotion/recharge_setting/del, DELETE} route[39m[38;5;3m +0ms[39m
[32m[Nest] 37857  - [39m2025/09/28 18:31:41 [32m    LOG[39m [38;5;3m[RouterExplorer] [39m[32mMapped {/promotion/recharge_setting/batch, POST} route[39m[38;5;3m +0ms[39m
[32m[Nest] 37857  - [39m2025/09/28 18:31:41 [32m    LOG[39m [38;5;3m[RoutesResolver] [39m[32mTimeDiscountController {/promotion/time_discount}:[39m[38;5;3m +0ms[39m
[32m[Nest] 37857  - [39m2025/09/28 18:31:41 [32m    LOG[39m [38;5;3m[RouterExplorer] [39m[32mMapped {/promotion/time_discount/list, GET} route[39m[38;5;3m +1ms[39m
[32m[Nest] 37857  - [39m2025/09/28 18:31:41 [32m    LOG[39m [38;5;3m[RouterExplorer] [39m[32mMapped {/promotion/time_discount/config, GET} route[39m[38;5;3m +0ms[39m
[32m[Nest] 37857  - [39m2025/09/28 18:31:41 [32m    LOG[39m [38;5;3m[RouterExplorer] [39m[32mMapped {/promotion/time_discount/detail, GET} route[39m[38;5;3m +0ms[39m
[32m[Nest] 37857  - [39m2025/09/28 18:31:41 [32m    LOG[39m [38;5;3m[RouterExplorer] [39m[32mMapped {/promotion/time_discount/create, POST} route[39m[38;5;3m +0ms[39m
[32m[Nest] 37857  - [39m2025/09/28 18:31:41 [32m    LOG[39m [38;5;3m[RouterExplorer] [39m[32mMapped {/promotion/time_discount/update, PUT} route[39m[38;5;3m +0ms[39m
[32m[Nest] 37857  - [39m2025/09/28 18:31:41 [32m    LOG[39m [38;5;3m[RouterExplorer] [39m[32mMapped {/promotion/time_discount/del, DELETE} route[39m[38;5;3m +0ms[39m
[32m[Nest] 37857  - [39m2025/09/28 18:31:41 [32m    LOG[39m [38;5;3m[RouterExplorer] [39m[32mMapped {/promotion/time_discount/batch, POST} route[39m[38;5;3m +0ms[39m
[32m[Nest] 37857  - [39m2025/09/28 18:31:41 [32m    LOG[39m [38;5;3m[RoutesResolver] [39m[32mWechatLiveController {/promotion/wechat_live}:[39m[38;5;3m +0ms[39m
[32m[Nest] 37857  - [39m2025/09/28 18:31:41 [32m    LOG[39m [38;5;3m[RouterExplorer] [39m[32mMapped {/promotion/wechat_live/list, GET} route[39m[38;5;3m +0ms[39m
[32m[Nest] 37857  - [39m2025/09/28 18:31:41 [32m    LOG[39m [38;5;3m[RouterExplorer] [39m[32mMapped {/promotion/wechat_live/config, GET} route[39m[38;5;3m +0ms[39m
[32m[Nest] 37857  - [39m2025/09/28 18:31:41 [32m    LOG[39m [38;5;3m[RouterExplorer] [39m[32mMapped {/promotion/wechat_live/detail, GET} route[39m[38;5;3m +0ms[39m
[32m[Nest] 37857  - [39m2025/09/28 18:31:41 [32m    LOG[39m [38;5;3m[RouterExplorer] [39m[32mMapped {/promotion/wechat_live/create, POST} route[39m[38;5;3m +1ms[39m
[32m[Nest] 37857  - [39m2025/09/28 18:31:41 [32m    LOG[39m [38;5;3m[RouterExplorer] [39m[32mMapped {/promotion/wechat_live/update, PUT} route[39m[38;5;3m +0ms[39m
[32m[Nest] 37857  - [39m2025/09/28 18:31:41 [32m    LOG[39m [38;5;3m[RouterExplorer] [39m[32mMapped {/promotion/wechat_live/del, DELETE} route[39m[38;5;3m +0ms[39m
[32m[Nest] 37857  - [39m2025/09/28 18:31:41 [32m    LOG[39m [38;5;3m[RouterExplorer] [39m[32mMapped {/promotion/wechat_live/batch, POST} route[39m[38;5;3m +0ms[39m
[32m[Nest] 37857  - [39m2025/09/28 18:31:41 [32m    LOG[39m [38;5;3m[RoutesResolver] [39m[32mPanelController {/adminapi/panel}:[39m[38;5;3m +0ms[39m
[32m[Nest] 37857  - [39m2025/09/28 18:31:41 [32m    LOG[39m [38;5;3m[RouterExplorer] [39m[32mMapped {/adminapi/panel/panel/index, GET} route[39m[38;5;3m +0ms[39m
[32m[Nest] 37857  - [39m2025/09/28 18:31:41 [32m    LOG[39m [38;5;3m[RouterExplorer] [39m[32mMapped {/adminapi/panel, GET} route[39m[38;5;3m +0ms[39m
[32m[Nest] 37857  - [39m2025/09/28 18:31:41 [32m    LOG[39m [38;5;3m[RouterExplorer] [39m[32mMapped {/adminapi/panel/search-menu, GET} route[39m[38;5;3m +0ms[39m
[32m[Nest] 37857  - [39m2025/09/28 18:31:41 [32m    LOG[39m [38;5;3m[RouterExplorer] [39m[32mMapped {/adminapi/panel/vendor, GET} route[39m[38;5;3m +0ms[39m
[32m[Nest] 37857  - [39m2025/09/28 18:31:41 [32m    LOG[39m [38;5;3m[RouterExplorer] [39m[32mMapped {/adminapi/panel/salesStatistics/list, GET} route[39m[38;5;3m +0ms[39m
[32m[Nest] 37857  - [39m2025/09/28 18:31:41 [32m    LOG[39m [38;5;3m[RouterExplorer] [39m[32mMapped {/adminapi/panel/salesStatistics/salesIndicators, GET} route[39m[38;5;3m +0ms[39m
[32m[Nest] 37857  - [39m2025/09/28 18:31:41 [32m    LOG[39m [38;5;3m[RouterExplorer] [39m[32mMapped {/adminapi/panel/salesStatistics/salesDetail, GET} route[39m[38;5;3m +0ms[39m
[32m[Nest] 37857  - [39m2025/09/28 18:31:41 [32m    LOG[39m [38;5;3m[RoutesResolver] [39m[32mSalesStatisticsController {/admin/statistics/sales}:[39m[38;5;3m +0ms[39m
[32m[Nest] 37857  - [39m2025/09/28 18:31:41 [32m    LOG[39m [38;5;3m[RouterExplorer] [39m[32mMapped {/admin/statistics/sales/overview, GET} route[39m[38;5;3m +1ms[39m
[32m[Nest] 37857  - [39m2025/09/28 18:31:41 [32m    LOG[39m [38;5;3m[RouterExplorer] [39m[32mMapped {/admin/statistics/sales/trend, GET} route[39m[38;5;3m +0ms[39m
[32m[Nest] 37857  - [39m2025/09/28 18:31:41 [32m    LOG[39m [38;5;3m[RouterExplorer] [39m[32mMapped {/admin/statistics/sales/products, GET} route[39m[38;5;3m +0ms[39m
[32m[Nest] 37857  - [39m2025/09/28 18:31:41 [32m    LOG[39m [38;5;3m[RouterExplorer] [39m[32mMapped {/admin/statistics/sales/categories, GET} route[39m[38;5;3m +0ms[39m
[32m[Nest] 37857  - [39m2025/09/28 18:31:41 [32m    LOG[39m [38;5;3m[RouterExplorer] [39m[32mMapped {/admin/statistics/sales/payment-methods, GET} route[39m[38;5;3m +0ms[39m
[32m[Nest] 37857  - [39m2025/09/28 18:31:41 [32m    LOG[39m [38;5;3m[RouterExplorer] [39m[32mMapped {/admin/statistics/sales/regions, GET} route[39m[38;5;3m +0ms[39m
[32m[Nest] 37857  - [39m2025/09/28 18:31:41 [32m    LOG[39m [38;5;3m[RouterExplorer] [39m[32mMapped {/admin/statistics/sales/customers, GET} route[39m[38;5;3m +0ms[39m
[32m[Nest] 37857  - [39m2025/09/28 18:31:41 [32m    LOG[39m [38;5;3m[RouterExplorer] [39m[32mMapped {/admin/statistics/sales/forecast, GET} route[39m[38;5;3m +0ms[39m
[32m[Nest] 37857  - [39m2025/09/28 18:31:41 [32m    LOG[39m [38;5;3m[RouterExplorer] [39m[32mMapped {/admin/statistics/sales/export, GET} route[39m[38;5;3m +0ms[39m
[32m[Nest] 37857  - [39m2025/09/28 18:31:41 [32m    LOG[39m [38;5;3m[RoutesResolver] [39m[32mAdminMsgController {/adminapi/msg}:[39m[38;5;3m +0ms[39m
[32m[Nest] 37857  - [39m2025/09/28 18:31:41 [32m    LOG[39m [38;5;3m[RouterExplorer] [39m[32mMapped {/adminapi/msg/msg/index, GET} route[39m[38;5;3m +0ms[39m
[32m[Nest] 37857  - [39m2025/09/28 18:31:41 [32m    LOG[39m [38;5;3m[RouterExplorer] [39m[32mMapped {/adminapi/msg/msg/detail/:id, GET} route[39m[38;5;3m +0ms[39m
[32m[Nest] 37857  - [39m2025/09/28 18:31:41 [32m    LOG[39m [38;5;3m[RouterExplorer] [39m[32mMapped {/adminapi/msg/msg/setReaded, POST} route[39m[38;5;3m +0ms[39m
[32m[Nest] 37857  - [39m2025/09/28 18:31:41 [32m    LOG[39m [38;5;3m[RouterExplorer] [39m[32mMapped {/adminapi/msg/msg/setAllReaded, POST} route[39m[38;5;3m +0ms[39m
[32m[Nest] 37857  - [39m2025/09/28 18:31:41 [32m    LOG[39m [38;5;3m[RouterExplorer] [39m[32mMapped {/adminapi/msg/msg/getMsgType, GET} route[39m[38;5;3m +0ms[39m
[32m[Nest] 37857  - [39m2025/09/28 18:31:41 [32m    LOG[39m [38;5;3m[RouterExplorer] [39m[32mMapped {/adminapi/msg/adminMsg/msgCount, GET} route[39m[38;5;3m +0ms[39m
[32m[Nest] 37857  - [39m2025/09/28 18:31:41 [32m    LOG[39m [38;5;3m[RoutesResolver] [39m[32mLogisticsCompanyController {/admin/logistics-company}:[39m[38;5;3m +0ms[39m
[32m[Nest] 37857  - [39m2025/09/28 18:31:41 [32m    LOG[39m [38;5;3m[RouterExplorer] [39m[32mMapped {/admin/logistics-company, GET} route[39m[38;5;3m +0ms[39m
[32m[Nest] 37857  - [39m2025/09/28 18:31:41 [32m    LOG[39m [38;5;3m[RouterExplorer] [39m[32mMapped {/admin/logistics-company/all, GET} route[39m[38;5;3m +0ms[39m
[32m[Nest] 37857  - [39m2025/09/28 18:31:41 [32m    LOG[39m [38;5;3m[RouterExplorer] [39m[32mMapped {/admin/logistics-company/detail, GET} route[39m[38;5;3m +0ms[39m
[32m[Nest] 37857  - [39m2025/09/28 18:31:41 [32m    LOG[39m [38;5;3m[RouterExplorer] [39m[32mMapped {/admin/logistics-company, POST} route[39m[38;5;3m +0ms[39m
[32m[Nest] 37857  - [39m2025/09/28 18:31:41 [32m    LOG[39m [38;5;3m[RouterExplorer] [39m[32mMapped {/admin/logistics-company, PUT} route[39m[38;5;3m +0ms[39m
[32m[Nest] 37857  - [39m2025/09/28 18:31:41 [32m    LOG[39m [38;5;3m[RouterExplorer] [39m[32mMapped {/admin/logistics-company/field, PUT} route[39m[38;5;3m +0ms[39m
[32m[Nest] 37857  - [39m2025/09/28 18:31:41 [32m    LOG[39m [38;5;3m[RouterExplorer] [39m[32mMapped {/admin/logistics-company, DELETE} route[39m[38;5;3m +0ms[39m
[32m[Nest] 37857  - [39m2025/09/28 18:31:41 [32m    LOG[39m [38;5;3m[RouterExplorer] [39m[32mMapped {/admin/logistics-company/batch, DELETE} route[39m[38;5;3m +0ms[39m
[32m[Nest] 37857  - [39m2025/09/28 18:31:41 [32m    LOG[39m [38;5;3m[RouterExplorer] [39m[32mMapped {/admin/logistics-company/available, GET} route[39m[38;5;3m +0ms[39m
[32m[Nest] 37857  - [39m2025/09/28 18:31:41 [32m    LOG[39m [38;5;3m[RoutesResolver] [39m[32mMessageTemplateController {/admin/message-template}:[39m[38;5;3m +0ms[39m
[32m[Nest] 37857  - [39m2025/09/28 18:31:41 [32m    LOG[39m [38;5;3m[RouterExplorer] [39m[32mMapped {/admin/message-template, GET} route[39m[38;5;3m +0ms[39m
[32m[Nest] 37857  - [39m2025/09/28 18:31:41 [32m    LOG[39m [38;5;3m[RouterExplorer] [39m[32mMapped {/admin/message-template/all, GET} route[39m[38;5;3m +0ms[39m
[32m[Nest] 37857  - [39m2025/09/28 18:31:41 [32m    LOG[39m [38;5;3m[RouterExplorer] [39m[32mMapped {/admin/message-template/detail, GET} route[39m[38;5;3m +0ms[39m
[32m[Nest] 37857  - [39m2025/09/28 18:31:41 [32m    LOG[39m [38;5;3m[RouterExplorer] [39m[32mMapped {/admin/message-template, POST} route[39m[38;5;3m +0ms[39m
[32m[Nest] 37857  - [39m2025/09/28 18:31:41 [32m    LOG[39m [38;5;3m[RouterExplorer] [39m[32mMapped {/admin/message-template, PUT} route[39m[38;5;3m +0ms[39m
[32m[Nest] 37857  - [39m2025/09/28 18:31:41 [32m    LOG[39m [38;5;3m[RouterExplorer] [39m[32mMapped {/admin/message-template/field, PUT} route[39m[38;5;3m +1ms[39m
[32m[Nest] 37857  - [39m2025/09/28 18:31:41 [32m    LOG[39m [38;5;3m[RouterExplorer] [39m[32mMapped {/admin/message-template, DELETE} route[39m[38;5;3m +0ms[39m
[32m[Nest] 37857  - [39m2025/09/28 18:31:41 [32m    LOG[39m [38;5;3m[RouterExplorer] [39m[32mMapped {/admin/message-template/batch, DELETE} route[39m[38;5;3m +0ms[39m
[32m[Nest] 37857  - [39m2025/09/28 18:31:41 [32m    LOG[39m [38;5;3m[RouterExplorer] [39m[32mMapped {/admin/message-template/by-message-type/:messageId, GET} route[39m[38;5;3m +0ms[39m
[32m[Nest] 37857  - [39m2025/09/28 18:31:41 [32m    LOG[39m [38;5;3m[RouterExplorer] [39m[32mMapped {/admin/message-template/by-type/:type, GET} route[39m[38;5;3m +0ms[39m
[32m[Nest] 37857  - [39m2025/09/28 18:31:41 [32m    LOG[39m [38;5;3m[RouterExplorer] [39m[32mMapped {/admin/message-template/available, GET} route[39m[38;5;3m +0ms[39m
[32m[Nest] 37857  - [39m2025/09/28 18:31:41 [32m    LOG[39m [38;5;3m[RoutesResolver] [39m[32mMailTemplateController {/admin/mail-template}:[39m[38;5;3m +0ms[39m
[32m[Nest] 37857  - [39m2025/09/28 18:31:41 [32m    LOG[39m [38;5;3m[RouterExplorer] [39m[32mMapped {/admin/mail-template, GET} route[39m[38;5;3m +0ms[39m
[32m[Nest] 37857  - [39m2025/09/28 18:31:41 [32m    LOG[39m [38;5;3m[RouterExplorer] [39m[32mMapped {/admin/mail-template/all, GET} route[39m[38;5;3m +0ms[39m
[32m[Nest] 37857  - [39m2025/09/28 18:31:41 [32m    LOG[39m [38;5;3m[RouterExplorer] [39m[32mMapped {/admin/mail-template/detail, GET} route[39m[38;5;3m +0ms[39m
[32m[Nest] 37857  - [39m2025/09/28 18:31:41 [32m    LOG[39m [38;5;3m[RouterExplorer] [39m[32mMapped {/admin/mail-template, POST} route[39m[38;5;3m +0ms[39m
[32m[Nest] 37857  - [39m2025/09/28 18:31:41 [32m    LOG[39m [38;5;3m[RouterExplorer] [39m[32mMapped {/admin/mail-template, PUT} route[39m[38;5;3m +0ms[39m
[32m[Nest] 37857  - [39m2025/09/28 18:31:41 [32m    LOG[39m [38;5;3m[RouterExplorer] [39m[32mMapped {/admin/mail-template/field, PUT} route[39m[38;5;3m +0ms[39m
[32m[Nest] 37857  - [39m2025/09/28 18:31:41 [32m    LOG[39m [38;5;3m[RouterExplorer] [39m[32mMapped {/admin/mail-template, DELETE} route[39m[38;5;3m +0ms[39m
[32m[Nest] 37857  - [39m2025/09/28 18:31:41 [32m    LOG[39m [38;5;3m[RouterExplorer] [39m[32mMapped {/admin/mail-template/batch, DELETE} route[39m[38;5;3m +0ms[39m
[32m[Nest] 37857  - [39m2025/09/28 18:31:41 [32m    LOG[39m [38;5;3m[RouterExplorer] [39m[32mMapped {/admin/mail-template/by-code/:templateCode, GET} route[39m[38;5;3m +0ms[39m
[32m[Nest] 37857  - [39m2025/09/28 18:31:41 [32m    LOG[39m [38;5;3m[RouterExplorer] [39m[32mMapped {/admin/mail-template/get-all, GET} route[39m[38;5;3m +0ms[39m
[32m[Nest] 37857  - [39m2025/09/28 18:31:41 [32m    LOG[39m [38;5;3m[RouterExplorer] [39m[32mMapped {/admin/mail-template/preview/:templateId, GET} route[39m[38;5;3m +0ms[39m
[32m[Nest] 37857  - [39m2025/09/28 18:31:41 [32m    LOG[39m [38;5;3m[RoutesResolver] [39m[32mMessageTypeController {/admin/message-type}:[39m[38;5;3m +0ms[39m
[32m[Nest] 37857  - [39m2025/09/28 18:31:41 [32m    LOG[39m [38;5;3m[RouterExplorer] [39m[32mMapped {/admin/message-type, GET} route[39m[38;5;3m +0ms[39m
[32m[Nest] 37857  - [39m2025/09/28 18:31:41 [32m    LOG[39m [38;5;3m[RouterExplorer] [39m[32mMapped {/admin/message-type/all, GET} route[39m[38;5;3m +0ms[39m
[32m[Nest] 37857  - [39m2025/09/28 18:31:41 [32m    LOG[39m [38;5;3m[RouterExplorer] [39m[32mMapped {/admin/message-type/detail, GET} route[39m[38;5;3m +0ms[39m
[32m[Nest] 37857  - [39m2025/09/28 18:31:41 [32m    LOG[39m [38;5;3m[RouterExplorer] [39m[32mMapped {/admin/message-type, POST} route[39m[38;5;3m +0ms[39m
[32m[Nest] 37857  - [39m2025/09/28 18:31:41 [32m    LOG[39m [38;5;3m[RouterExplorer] [39m[32mMapped {/admin/message-type, PUT} route[39m[38;5;3m +0ms[39m
[32m[Nest] 37857  - [39m2025/09/28 18:31:41 [32m    LOG[39m [38;5;3m[RouterExplorer] [39m[32mMapped {/admin/message-type/field, PUT} route[39m[38;5;3m +0ms[39m
[32m[Nest] 37857  - [39m2025/09/28 18:31:41 [32m    LOG[39m [38;5;3m[RouterExplorer] [39m[32mMapped {/admin/message-type, DELETE} route[39m[38;5;3m +0ms[39m
[32m[Nest] 37857  - [39m2025/09/28 18:31:41 [32m    LOG[39m [38;5;3m[RouterExplorer] [39m[32mMapped {/admin/message-type/batch, DELETE} route[39m[38;5;3m +0ms[39m
[32m[Nest] 37857  - [39m2025/09/28 18:31:41 [32m    LOG[39m [38;5;3m[RouterExplorer] [39m[32mMapped {/admin/message-type/available, GET} route[39m[38;5;3m +0ms[39m
[32m[Nest] 37857  - [39m2025/09/28 18:31:41 [32m    LOG[39m [38;5;3m[RouterExplorer] [39m[32mMapped {/admin/message-type/by-send-type/:sendType, GET} route[39m[38;5;3m +0ms[39m
[32m[Nest] 37857  - [39m2025/09/28 18:31:41 [32m    LOG[39m [38;5;3m[RouterExplorer] [39m[32mMapped {/admin/message-type/with-templates, GET} route[39m[38;5;3m +0ms[39m
[32m[Nest] 37857  - [39m2025/09/28 18:31:41 [32m    LOG[39m [38;5;3m[RoutesResolver] [39m[32mConfigController {/admin/config}:[39m[38;5;3m +0ms[39m
[32m[Nest] 37857  - [39m2025/09/28 18:31:41 [32m    LOG[39m [38;5;3m[RouterExplorer] [39m[32mMapped {/admin/config, GET} route[39m[38;5;3m +0ms[39m
[32m[Nest] 37857  - [39m2025/09/28 18:31:41 [32m    LOG[39m [38;5;3m[RouterExplorer] [39m[32mMapped {/admin/config/all, GET} route[39m[38;5;3m +0ms[39m
[32m[Nest] 37857  - [39m2025/09/28 18:31:41 [32m    LOG[39m [38;5;3m[RouterExplorer] [39m[32mMapped {/admin/config/detail, GET} route[39m[38;5;3m +0ms[39m
[32m[Nest] 37857  - [39m2025/09/28 18:31:41 [32m    LOG[39m [38;5;3m[RouterExplorer] [39m[32mMapped {/admin/config, POST} route[39m[38;5;3m +0ms[39m
[32m[Nest] 37857  - [39m2025/09/28 18:31:41 [32m    LOG[39m [38;5;3m[RouterExplorer] [39m[32mMapped {/admin/config, PUT} route[39m[38;5;3m +0ms[39m
[32m[Nest] 37857  - [39m2025/09/28 18:31:41 [32m    LOG[39m [38;5;3m[RouterExplorer] [39m[32mMapped {/admin/config/field, PUT} route[39m[38;5;3m +0ms[39m
[32m[Nest] 37857  - [39m2025/09/28 18:31:41 [32m    LOG[39m [38;5;3m[RouterExplorer] [39m[32mMapped {/admin/config, DELETE} route[39m[38;5;3m +0ms[39m
[32m[Nest] 37857  - [39m2025/09/28 18:31:41 [32m    LOG[39m [38;5;3m[RouterExplorer] [39m[32mMapped {/admin/config/batch, DELETE} route[39m[38;5;3m +0ms[39m
[32m[Nest] 37857  - [39m2025/09/28 18:31:41 [32m    LOG[39m [38;5;3m[RouterExplorer] [39m[32mMapped {/admin/config/batch, PUT} route[39m[38;5;3m +0ms[39m
[32m[Nest] 37857  - [39m2025/09/28 18:31:41 [32m    LOG[39m [38;5;3m[RouterExplorer] [39m[32mMapped {/admin/config/by-code/:bizCode, GET} route[39m[38;5;3m +0ms[39m
[32m[Nest] 37857  - [39m2025/09/28 18:31:41 [32m    LOG[39m [38;5;3m[RouterExplorer] [39m[32mMapped {/admin/config/by-codes, GET} route[39m[38;5;3m +1ms[39m
[32m[Nest] 37857  - [39m2025/09/28 18:31:41 [32m    LOG[39m [38;5;3m[RouterExplorer] [39m[32mMapped {/admin/config/getLoginProtocol, GET} route[39m[38;5;3m +0ms[39m
[32m[Nest] 37857  - [39m2025/09/28 18:31:41 [32m    LOG[39m [38;5;3m[RouterExplorer] [39m[32mMapped {/admin/config/getAdmin, GET} route[39m[38;5;3m +0ms[39m
[32m[Nest] 37857  - [39m2025/09/28 18:31:41 [32m    LOG[39m [38;5;3m[RouterExplorer] [39m[32mMapped {/admin/config/getLoginProtocolContent, GET} route[39m[38;5;3m +0ms[39m
[32m[Nest] 37857  - [39m2025/09/28 18:31:41 [32m    LOG[39m [38;5;3m[RouterExplorer] [39m[32mMapped {/admin/config/saveLoginProtocol, POST} route[39m[38;5;3m +0ms[39m
[32m[Nest] 37857  - [39m2025/09/28 18:31:41 [32m    LOG[39m [38;5;3m[RouterExplorer] [39m[32mMapped {/admin/config/get-all-configs, GET} route[39m[38;5;3m +0ms[39m
[32m[Nest] 37857  - [39m2025/09/28 18:31:41 [32m    LOG[39m [38;5;3m[RouterExplorer] [39m[32mMapped {/admin/config/by-group, GET} route[39m[38;5;3m +0ms[39m
[32m[Nest] 37857  - [39m2025/09/28 18:31:41 [32m    LOG[39m [38;5;3m[RouterExplorer] [39m[32mMapped {/admin/config/json/:bizCode, GET} route[39m[38;5;3m +0ms[39m
[32m[Nest] 37857  - [39m2025/09/28 18:31:41 [32m    LOG[39m [38;5;3m[RouterExplorer] [39m[32mMapped {/admin/config/json/:bizCode, POST} route[39m[38;5;3m +0ms[39m
[32m[Nest] 37857  - [39m2025/09/28 18:31:41 [32m    LOG[39m [38;5;3m[RouterExplorer] [39m[32mMapped {/admin/config/number/:bizCode, GET} route[39m[38;5;3m +0ms[39m
[32m[Nest] 37857  - [39m2025/09/28 18:31:41 [32m    LOG[39m [38;5;3m[RouterExplorer] [39m[32mMapped {/admin/config/boolean/:bizCode, GET} route[39m[38;5;3m +0ms[39m
[32m[Nest] 37857  - [39m2025/09/28 18:31:41 [32m    LOG[39m [38;5;3m[RouterExplorer] [39m[32mMapped {/admin/config/init, POST} route[39m[38;5;3m +0ms[39m
[32m[Nest] 37857  - [39m2025/09/28 18:31:41 [32m    LOG[39m [38;5;3m[RoutesResolver] [39m[32mConfigController {/adminapi/setting/config}:[39m[38;5;3m +0ms[39m
[32m[Nest] 37857  - [39m2025/09/28 18:31:41 [32m    LOG[39m [38;5;3m[RouterExplorer] [39m[32mMapped {/adminapi/setting/config, GET} route[39m[38;5;3m +0ms[39m
[32m[Nest] 37857  - [39m2025/09/28 18:31:41 [32m    LOG[39m [38;5;3m[RouterExplorer] [39m[32mMapped {/adminapi/setting/config/all, GET} route[39m[38;5;3m +0ms[39m
[32m[Nest] 37857  - [39m2025/09/28 18:31:41 [32m    LOG[39m [38;5;3m[RouterExplorer] [39m[32mMapped {/adminapi/setting/config/detail, GET} route[39m[38;5;3m +0ms[39m
[32m[Nest] 37857  - [39m2025/09/28 18:31:41 [32m    LOG[39m [38;5;3m[RouterExplorer] [39m[32mMapped {/adminapi/setting/config, POST} route[39m[38;5;3m +0ms[39m
[32m[Nest] 37857  - [39m2025/09/28 18:31:41 [32m    LOG[39m [38;5;3m[RouterExplorer] [39m[32mMapped {/adminapi/setting/config, PUT} route[39m[38;5;3m +0ms[39m
[32m[Nest] 37857  - [39m2025/09/28 18:31:41 [32m    LOG[39m [38;5;3m[RouterExplorer] [39m[32mMapped {/adminapi/setting/config/field, PUT} route[39m[38;5;3m +0ms[39m
[32m[Nest] 37857  - [39m2025/09/28 18:31:41 [32m    LOG[39m [38;5;3m[RouterExplorer] [39m[32mMapped {/adminapi/setting/config, DELETE} route[39m[38;5;3m +0ms[39m
[32m[Nest] 37857  - [39m2025/09/28 18:31:41 [32m    LOG[39m [38;5;3m[RouterExplorer] [39m[32mMapped {/adminapi/setting/config/batch, DELETE} route[39m[38;5;3m +0ms[39m
[32m[Nest] 37857  - [39m2025/09/28 18:31:41 [32m    LOG[39m [38;5;3m[RouterExplorer] [39m[32mMapped {/adminapi/setting/config/batch, PUT} route[39m[38;5;3m +0ms[39m
[32m[Nest] 37857  - [39m2025/09/28 18:31:41 [32m    LOG[39m [38;5;3m[RouterExplorer] [39m[32mMapped {/adminapi/setting/config/by-code/:bizCode, GET} route[39m[38;5;3m +0ms[39m
[32m[Nest] 37857  - [39m2025/09/28 18:31:41 [32m    LOG[39m [38;5;3m[RouterExplorer] [39m[32mMapped {/adminapi/setting/config/by-codes, GET} route[39m[38;5;3m +0ms[39m
[32m[Nest] 37857  - [39m2025/09/28 18:31:41 [32m    LOG[39m [38;5;3m[RouterExplorer] [39m[32mMapped {/adminapi/setting/config/getLoginProtocol, GET} route[39m[38;5;3m +0ms[39m
[32m[Nest] 37857  - [39m2025/09/28 18:31:41 [32m    LOG[39m [38;5;3m[RouterExplorer] [39m[32mMapped {/adminapi/setting/config/getAdmin, GET} route[39m[38;5;3m +0ms[39m
[32m[Nest] 37857  - [39m2025/09/28 18:31:41 [32m    LOG[39m [38;5;3m[RouterExplorer] [39m[32mMapped {/adminapi/setting/config/getLoginProtocolContent, GET} route[39m[38;5;3m +0ms[39m
[32m[Nest] 37857  - [39m2025/09/28 18:31:41 [32m    LOG[39m [38;5;3m[RouterExplorer] [39m[32mMapped {/adminapi/setting/config/saveLoginProtocol, POST} route[39m[38;5;3m +0ms[39m
[32m[Nest] 37857  - [39m2025/09/28 18:31:41 [32m    LOG[39m [38;5;3m[RouterExplorer] [39m[32mMapped {/adminapi/setting/config/get-all-configs, GET} route[39m[38;5;3m +0ms[39m
[32m[Nest] 37857  - [39m2025/09/28 18:31:41 [32m    LOG[39m [38;5;3m[RouterExplorer] [39m[32mMapped {/adminapi/setting/config/by-group, GET} route[39m[38;5;3m +0ms[39m
[32m[Nest] 37857  - [39m2025/09/28 18:31:41 [32m    LOG[39m [38;5;3m[RouterExplorer] [39m[32mMapped {/adminapi/setting/config/json/:bizCode, GET} route[39m[38;5;3m +0ms[39m
[32m[Nest] 37857  - [39m2025/09/28 18:31:41 [32m    LOG[39m [38;5;3m[RouterExplorer] [39m[32mMapped {/adminapi/setting/config/json/:bizCode, POST} route[39m[38;5;3m +0ms[39m
[32m[Nest] 37857  - [39m2025/09/28 18:31:41 [32m    LOG[39m [38;5;3m[RouterExplorer] [39m[32mMapped {/adminapi/setting/config/number/:bizCode, GET} route[39m[38;5;3m +0ms[39m
[32m[Nest] 37857  - [39m2025/09/28 18:31:41 [32m    LOG[39m [38;5;3m[RouterExplorer] [39m[32mMapped {/adminapi/setting/config/boolean/:bizCode, GET} route[39m[38;5;3m +0ms[39m
[32m[Nest] 37857  - [39m2025/09/28 18:31:41 [32m    LOG[39m [38;5;3m[RouterExplorer] [39m[32mMapped {/adminapi/setting/config/init, POST} route[39m[38;5;3m +0ms[39m
[32m[Nest] 37857  - [39m2025/09/28 18:31:41 [32m    LOG[39m [38;5;3m[RoutesResolver] [39m[32mRegionController {/admin/setting/region}:[39m[38;5;3m +0ms[39m
[32m[Nest] 37857  - [39m2025/09/28 18:31:41 [32m    LOG[39m [38;5;3m[RouterExplorer] [39m[32mMapped {/admin/setting/region/list, GET} route[39m[38;5;3m +0ms[39m
[32m[Nest] 37857  - [39m2025/09/28 18:31:41 [32m    LOG[39m [38;5;3m[RouterExplorer] [39m[32mMapped {/admin/setting/region/tree, GET} route[39m[38;5;3m +0ms[39m
[32m[Nest] 37857  - [39m2025/09/28 18:31:41 [32m    LOG[39m [38;5;3m[RouterExplorer] [39m[32mMapped {/admin/setting/region/detail/:id, GET} route[39m[38;5;3m +0ms[39m
[32m[Nest] 37857  - [39m2025/09/28 18:31:41 [32m    LOG[39m [38;5;3m[RouterExplorer] [39m[32mMapped {/admin/setting/region/create, POST} route[39m[38;5;3m +0ms[39m
[32m[Nest] 37857  - [39m2025/09/28 18:31:41 [32m    LOG[39m [38;5;3m[RouterExplorer] [39m[32mMapped {/admin/setting/region/update/:id, PUT} route[39m[38;5;3m +0ms[39m
[32m[Nest] 37857  - [39m2025/09/28 18:31:41 [32m    LOG[39m [38;5;3m[RouterExplorer] [39m[32mMapped {/admin/setting/region/del/:id, DELETE} route[39m[38;5;3m +0ms[39m
[32m[Nest] 37857  - [39m2025/09/28 18:31:41 [32m    LOG[39m [38;5;3m[RouterExplorer] [39m[32mMapped {/admin/setting/region/children/:parentId, GET} route[39m[38;5;3m +0ms[39m
[32m[Nest] 37857  - [39m2025/09/28 18:31:41 [32m    LOG[39m [38;5;3m[RouterExplorer] [39m[32mMapped {/admin/setting/region/search, GET} route[39m[38;5;3m +0ms[39m
[32m[Nest] 37857  - [39m2025/09/28 18:31:41 [32m    LOG[39m [38;5;3m[RoutesResolver] [39m[32mAppVersionController {/setting/app_version}:[39m[38;5;3m +0ms[39m
[32m[Nest] 37857  - [39m2025/09/28 18:31:41 [32m    LOG[39m [38;5;3m[RouterExplorer] [39m[32mMapped {/setting/app_version/list, GET} route[39m[38;5;3m +0ms[39m
[32m[Nest] 37857  - [39m2025/09/28 18:31:41 [32m    LOG[39m [38;5;3m[RouterExplorer] [39m[32mMapped {/setting/app_version/config, GET} route[39m[38;5;3m +1ms[39m
[32m[Nest] 37857  - [39m2025/09/28 18:31:41 [32m    LOG[39m [38;5;3m[RouterExplorer] [39m[32mMapped {/setting/app_version/detail, GET} route[39m[38;5;3m +0ms[39m
[32m[Nest] 37857  - [39m2025/09/28 18:31:41 [32m    LOG[39m [38;5;3m[RouterExplorer] [39m[32mMapped {/setting/app_version/create, POST} route[39m[38;5;3m +0ms[39m
[32m[Nest] 37857  - [39m2025/09/28 18:31:41 [32m    LOG[39m [38;5;3m[RouterExplorer] [39m[32mMapped {/setting/app_version/update, PUT} route[39m[38;5;3m +0ms[39m
[32m[Nest] 37857  - [39m2025/09/28 18:31:41 [32m    LOG[39m [38;5;3m[RouterExplorer] [39m[32mMapped {/setting/app_version/del, DELETE} route[39m[38;5;3m +0ms[39m
[32m[Nest] 37857  - [39m2025/09/28 18:31:41 [32m    LOG[39m [38;5;3m[RouterExplorer] [39m[32mMapped {/setting/app_version/batch, POST} route[39m[38;5;3m +0ms[39m
[32m[Nest] 37857  - [39m2025/09/28 18:31:41 [32m    LOG[39m [38;5;3m[RoutesResolver] [39m[32mShippingTplController {/setting/shipping_tpl}:[39m[38;5;3m +0ms[39m
[32m[Nest] 37857  - [39m2025/09/28 18:31:41 [32m    LOG[39m [38;5;3m[RouterExplorer] [39m[32mMapped {/setting/shipping_tpl/list, GET} route[39m[38;5;3m +0ms[39m
[32m[Nest] 37857  - [39m2025/09/28 18:31:41 [32m    LOG[39m [38;5;3m[RouterExplorer] [39m[32mMapped {/setting/shipping_tpl/config, GET} route[39m[38;5;3m +0ms[39m
[32m[Nest] 37857  - [39m2025/09/28 18:31:41 [32m    LOG[39m [38;5;3m[RouterExplorer] [39m[32mMapped {/setting/shipping_tpl/detail, GET} route[39m[38;5;3m +0ms[39m
[32m[Nest] 37857  - [39m2025/09/28 18:31:41 [32m    LOG[39m [38;5;3m[RouterExplorer] [39m[32mMapped {/setting/shipping_tpl/create, POST} route[39m[38;5;3m +0ms[39m
[32m[Nest] 37857  - [39m2025/09/28 18:31:41 [32m    LOG[39m [38;5;3m[RouterExplorer] [39m[32mMapped {/setting/shipping_tpl/update, PUT} route[39m[38;5;3m +0ms[39m
[32m[Nest] 37857  - [39m2025/09/28 18:31:41 [32m    LOG[39m [38;5;3m[RouterExplorer] [39m[32mMapped {/setting/shipping_tpl/del, DELETE} route[39m[38;5;3m +0ms[39m
[32m[Nest] 37857  - [39m2025/09/28 18:31:41 [32m    LOG[39m [38;5;3m[RouterExplorer] [39m[32mMapped {/setting/shipping_tpl/batch, POST} route[39m[38;5;3m +0ms[39m
[32m[Nest] 37857  - [39m2025/09/28 18:31:41 [32m    LOG[39m [38;5;3m[RoutesResolver] [39m[32mShippingTypeController {/setting/shipping_type}:[39m[38;5;3m +0ms[39m
[32m[Nest] 37857  - [39m2025/09/28 18:31:41 [32m    LOG[39m [38;5;3m[RouterExplorer] [39m[32mMapped {/setting/shipping_type/list, GET} route[39m[38;5;3m +0ms[39m
[32m[Nest] 37857  - [39m2025/09/28 18:31:41 [32m    LOG[39m [38;5;3m[RouterExplorer] [39m[32mMapped {/setting/shipping_type/config, GET} route[39m[38;5;3m +0ms[39m
[32m[Nest] 37857  - [39m2025/09/28 18:31:41 [32m    LOG[39m [38;5;3m[RouterExplorer] [39m[32mMapped {/setting/shipping_type/detail, GET} route[39m[38;5;3m +0ms[39m
[32m[Nest] 37857  - [39m2025/09/28 18:31:41 [32m    LOG[39m [38;5;3m[RouterExplorer] [39m[32mMapped {/setting/shipping_type/create, POST} route[39m[38;5;3m +0ms[39m
[32m[Nest] 37857  - [39m2025/09/28 18:31:41 [32m    LOG[39m [38;5;3m[RouterExplorer] [39m[32mMapped {/setting/shipping_type/update, PUT} route[39m[38;5;3m +0ms[39m
[32m[Nest] 37857  - [39m2025/09/28 18:31:41 [32m    LOG[39m [38;5;3m[RouterExplorer] [39m[32mMapped {/setting/shipping_type/del, DELETE} route[39m[38;5;3m +0ms[39m
[32m[Nest] 37857  - [39m2025/09/28 18:31:41 [32m    LOG[39m [38;5;3m[RouterExplorer] [39m[32mMapped {/setting/shipping_type/batch, POST} route[39m[38;5;3m +0ms[39m
[32m[Nest] 37857  - [39m2025/09/28 18:31:41 [32m    LOG[39m [38;5;3m[RoutesResolver] [39m[32mGalleryController {/setting/gallery}:[39m[38;5;3m +0ms[39m
[32m[Nest] 37857  - [39m2025/09/28 18:31:41 [32m    LOG[39m [38;5;3m[RouterExplorer] [39m[32mMapped {/setting/gallery/list, GET} route[39m[38;5;3m +0ms[39m
[32m[Nest] 37857  - [39m2025/09/28 18:31:41 [32m    LOG[39m [38;5;3m[RouterExplorer] [39m[32mMapped {/setting/gallery/config, GET} route[39m[38;5;3m +0ms[39m
[32m[Nest] 37857  - [39m2025/09/28 18:31:41 [32m    LOG[39m [38;5;3m[RouterExplorer] [39m[32mMapped {/setting/gallery/detail, GET} route[39m[38;5;3m +0ms[39m
[32m[Nest] 37857  - [39m2025/09/28 18:31:41 [32m    LOG[39m [38;5;3m[RouterExplorer] [39m[32mMapped {/setting/gallery/create, POST} route[39m[38;5;3m +0ms[39m
[32m[Nest] 37857  - [39m2025/09/28 18:31:41 [32m    LOG[39m [38;5;3m[RouterExplorer] [39m[32mMapped {/setting/gallery/update, PUT} route[39m[38;5;3m +0ms[39m
[32m[Nest] 37857  - [39m2025/09/28 18:31:41 [32m    LOG[39m [38;5;3m[RouterExplorer] [39m[32mMapped {/setting/gallery/del, DELETE} route[39m[38;5;3m +0ms[39m
[32m[Nest] 37857  - [39m2025/09/28 18:31:41 [32m    LOG[39m [38;5;3m[RouterExplorer] [39m[32mMapped {/setting/gallery/batch, POST} route[39m[38;5;3m +0ms[39m
[32m[Nest] 37857  - [39m2025/09/28 18:31:41 [32m    LOG[39m [38;5;3m[RoutesResolver] [39m[32mFriendLinksController {/setting/friend_links}:[39m[38;5;3m +0ms[39m
[32m[Nest] 37857  - [39m2025/09/28 18:31:41 [32m    LOG[39m [38;5;3m[RouterExplorer] [39m[32mMapped {/setting/friend_links/list, GET} route[39m[38;5;3m +0ms[39m
[32m[Nest] 37857  - [39m2025/09/28 18:31:41 [32m    LOG[39m [38;5;3m[RouterExplorer] [39m[32mMapped {/setting/friend_links/config, GET} route[39m[38;5;3m +0ms[39m
[32m[Nest] 37857  - [39m2025/09/28 18:31:41 [32m    LOG[39m [38;5;3m[RouterExplorer] [39m[32mMapped {/setting/friend_links/detail, GET} route[39m[38;5;3m +0ms[39m
[32m[Nest] 37857  - [39m2025/09/28 18:31:41 [32m    LOG[39m [38;5;3m[RouterExplorer] [39m[32mMapped {/setting/friend_links/create, POST} route[39m[38;5;3m +0ms[39m
[32m[Nest] 37857  - [39m2025/09/28 18:31:41 [32m    LOG[39m [38;5;3m[RouterExplorer] [39m[32mMapped {/setting/friend_links/update, PUT} route[39m[38;5;3m +0ms[39m
[32m[Nest] 37857  - [39m2025/09/28 18:31:41 [32m    LOG[39m [38;5;3m[RouterExplorer] [39m[32mMapped {/setting/friend_links/del, DELETE} route[39m[38;5;3m +0ms[39m
[32m[Nest] 37857  - [39m2025/09/28 18:31:41 [32m    LOG[39m [38;5;3m[RouterExplorer] [39m[32mMapped {/setting/friend_links/batch, POST} route[39m[38;5;3m +0ms[39m
[32m[Nest] 37857  - [39m2025/09/28 18:31:41 [32m    LOG[39m [38;5;3m[RoutesResolver] [39m[32mLicensedController {/adminapi/setting/licensed}:[39m[38;5;3m +0ms[39m
[32m[Nest] 37857  - [39m2025/09/28 18:31:41 [32m    LOG[39m [38;5;3m[RouterExplorer] [39m[32mMapped {/adminapi/setting/licensed/index, GET} route[39m[38;5;3m +0ms[39m
[32m[Nest] 37857  - [39m2025/09/28 18:31:41 [32m    LOG[39m [38;5;3m[RouterExplorer] [39m[32mMapped {/adminapi/setting/licensed/list, GET} route[39m[38;5;3m +0ms[39m
[32m[Nest] 37857  - [39m2025/09/28 18:31:41 [32m    LOG[39m [38;5;3m[RouterExplorer] [39m[32mMapped {/adminapi/setting/licensed/config, GET} route[39m[38;5;3m +0ms[39m
[32m[Nest] 37857  - [39m2025/09/28 18:31:41 [32m    LOG[39m [38;5;3m[RouterExplorer] [39m[32mMapped {/adminapi/setting/licensed/detail, GET} route[39m[38;5;3m +0ms[39m
[32m[Nest] 37857  - [39m2025/09/28 18:31:41 [32m    LOG[39m [38;5;3m[RouterExplorer] [39m[32mMapped {/adminapi/setting/licensed/create, POST} route[39m[38;5;3m +0ms[39m
[32m[Nest] 37857  - [39m2025/09/28 18:31:41 [32m    LOG[39m [38;5;3m[RouterExplorer] [39m[32mMapped {/adminapi/setting/licensed/update, PUT} route[39m[38;5;3m +0ms[39m
[32m[Nest] 37857  - [39m2025/09/28 18:31:41 [32m    LOG[39m [38;5;3m[RouterExplorer] [39m[32mMapped {/adminapi/setting/licensed/del, DELETE} route[39m[38;5;3m +0ms[39m
[32m[Nest] 37857  - [39m2025/09/28 18:31:41 [32m    LOG[39m [38;5;3m[RouterExplorer] [39m[32mMapped {/adminapi/setting/licensed/batch, POST} route[39m[38;5;3m +0ms[39m
[32m[Nest] 37857  - [39m2025/09/28 18:31:41 [32m    LOG[39m [38;5;3m[RoutesResolver] [39m[32mAccountPanelController {/admin/finance/account-panel}:[39m[38;5;3m +0ms[39m
[32m[Nest] 37857  - [39m2025/09/28 18:31:41 [32m    LOG[39m [38;5;3m[RouterExplorer] [39m[32mMapped {/admin/finance/account-panel/list, GET} route[39m[38;5;3m +0ms[39m
[32m[Nest] 37857  - [39m2025/09/28 18:31:41 [32m    LOG[39m [38;5;3m[RouterExplorer] [39m[32mMapped {/admin/finance/account-panel/statistics, GET} route[39m[38;5;3m +1ms[39m
[32m[Nest] 37857  - [39m2025/09/28 18:31:41 [32m    LOG[39m [38;5;3m[RouterExplorer] [39m[32mMapped {/admin/finance/account-panel/trend, GET} route[39m[38;5;3m +0ms[39m
[32m[Nest] 37857  - [39m2025/09/28 18:31:41 [32m    LOG[39m [38;5;3m[RouterExplorer] [39m[32mMapped {/admin/finance/account-panel/balance-rank, GET} route[39m[38;5;3m +0ms[39m
[32m[Nest] 37857  - [39m2025/09/28 18:31:41 [32m    LOG[39m [38;5;3m[RouterExplorer] [39m[32mMapped {/admin/finance/account-panel/flow-detail, GET} route[39m[38;5;3m +0ms[39m
[32m[Nest] 37857  - [39m2025/09/28 18:31:41 [32m    LOG[39m [38;5;3m[RoutesResolver] [39m[32mOrderInvoiceController {/admin/finance/order-invoice}:[39m[38;5;3m +0ms[39m
[32m[Nest] 37857  - [39m2025/09/28 18:31:41 [32m    LOG[39m [38;5;3m[RouterExplorer] [39m[32mMapped {/admin/finance/order-invoice/list, GET} route[39m[38;5;3m +0ms[39m
[32m[Nest] 37857  - [39m2025/09/28 18:31:41 [32m    LOG[39m [38;5;3m[RouterExplorer] [39m[32mMapped {/admin/finance/order-invoice/detail/:id, GET} route[39m[38;5;3m +0ms[39m
[32m[Nest] 37857  - [39m2025/09/28 18:31:41 [32m    LOG[39m [38;5;3m[RouterExplorer] [39m[32mMapped {/admin/finance/order-invoice/update, PUT} route[39m[38;5;3m +0ms[39m
[32m[Nest] 37857  - [39m2025/09/28 18:31:41 [32m    LOG[39m [38;5;3m[RouterExplorer] [39m[32mMapped {/admin/finance/order-invoice/del/:id, DELETE} route[39m[38;5;3m +0ms[39m
[32m[Nest] 37857  - [39m2025/09/28 18:31:41 [32m    LOG[39m [38;5;3m[RouterExplorer] [39m[32mMapped {/admin/finance/order-invoice/batch, POST} route[39m[38;5;3m +0ms[39m
[32m[Nest] 37857  - [39m2025/09/28 18:31:41 [32m    LOG[39m [38;5;3m[RouterExplorer] [39m[32mMapped {/admin/finance/order-invoice/create, POST} route[39m[38;5;3m +0ms[39m
[32m[Nest] 37857  - [39m2025/09/28 18:31:41 [32m    LOG[39m [38;5;3m[RouterExplorer] [39m[32mMapped {/admin/finance/order-invoice/statistics, GET} route[39m[38;5;3m +0ms[39m
[32m[Nest] 37857  - [39m2025/09/28 18:31:41 [32m    LOG[39m [38;5;3m[RouterExplorer] [39m[32mMapped {/admin/finance/order-invoice/download/:id, GET} route[39m[38;5;3m +0ms[39m
[32m[Nest] 37857  - [39m2025/09/28 18:31:41 [32m    LOG[39m [38;5;3m[RoutesResolver] [39m[32mPaylogController {/admin/finance/paylog}:[39m[38;5;3m +0ms[39m
[32m[Nest] 37857  - [39m2025/09/28 18:31:41 [32m    LOG[39m [38;5;3m[RouterExplorer] [39m[32mMapped {/admin/finance/paylog/list, GET} route[39m[38;5;3m +0ms[39m
[32m[Nest] 37857  - [39m2025/09/28 18:31:41 [32m    LOG[39m [38;5;3m[RouterExplorer] [39m[32mMapped {/admin/finance/paylog/detail/:id, GET} route[39m[38;5;3m +0ms[39m
[32m[Nest] 37857  - [39m2025/09/28 18:31:41 [32m    LOG[39m [38;5;3m[RouterExplorer] [39m[32mMapped {/admin/finance/paylog/del/:id, DELETE} route[39m[38;5;3m +0ms[39m
[32m[Nest] 37857  - [39m2025/09/28 18:31:41 [32m    LOG[39m [38;5;3m[RouterExplorer] [39m[32mMapped {/admin/finance/paylog/batch, POST} route[39m[38;5;3m +0ms[39m
[32m[Nest] 37857  - [39m2025/09/28 18:31:41 [32m    LOG[39m [38;5;3m[RouterExplorer] [39m[32mMapped {/admin/finance/paylog/statistics, GET} route[39m[38;5;3m +0ms[39m
[32m[Nest] 37857  - [39m2025/09/28 18:31:41 [32m    LOG[39m [38;5;3m[RouterExplorer] [39m[32mMapped {/admin/finance/paylog/payment-method-stats, GET} route[39m[38;5;3m +0ms[39m
[32m[Nest] 37857  - [39m2025/09/28 18:31:41 [32m    LOG[39m [38;5;3m[RoutesResolver] [39m[32mUserInvoiceController {/adminapi/finance/user_invoice}:[39m[38;5;3m +0ms[39m
[32m[Nest] 37857  - [39m2025/09/28 18:31:41 [32m    LOG[39m [38;5;3m[RouterExplorer] [39m[32mMapped {/adminapi/finance/user_invoice/list, GET} route[39m[38;5;3m +0ms[39m
[32m[Nest] 37857  - [39m2025/09/28 18:31:41 [32m    LOG[39m [38;5;3m[RouterExplorer] [39m[32mMapped {/adminapi/finance/user_invoice/config, GET} route[39m[38;5;3m +0ms[39m
[32m[Nest] 37857  - [39m2025/09/28 18:31:41 [32m    LOG[39m [38;5;3m[RouterExplorer] [39m[32mMapped {/adminapi/finance/user_invoice/detail, GET} route[39m[38;5;3m +0ms[39m
[32m[Nest] 37857  - [39m2025/09/28 18:31:41 [32m    LOG[39m [38;5;3m[RouterExplorer] [39m[32mMapped {/adminapi/finance/user_invoice/create, POST} route[39m[38;5;3m +0ms[39m
[32m[Nest] 37857  - [39m2025/09/28 18:31:41 [32m    LOG[39m [38;5;3m[RouterExplorer] [39m[32mMapped {/adminapi/finance/user_invoice/update, PUT} route[39m[38;5;3m +0ms[39m
[32m[Nest] 37857  - [39m2025/09/28 18:31:41 [32m    LOG[39m [38;5;3m[RouterExplorer] [39m[32mMapped {/adminapi/finance/user_invoice/del, DELETE} route[39m[38;5;3m +0ms[39m
[32m[Nest] 37857  - [39m2025/09/28 18:31:41 [32m    LOG[39m [38;5;3m[RouterExplorer] [39m[32mMapped {/adminapi/finance/user_invoice/batch, POST} route[39m[38;5;3m +0ms[39m
[32m[Nest] 37857  - [39m2025/09/28 18:31:41 [32m    LOG[39m [38;5;3m[RouterExplorer] [39m[32mMapped {/adminapi/finance/user_invoice/user/current, GET} route[39m[38;5;3m +0ms[39m
[32m[Nest] 37857  - [39m2025/09/28 18:31:41 [32m    LOG[39m [38;5;3m[RouterExplorer] [39m[32mMapped {/adminapi/finance/user_invoice/user/history, GET} route[39m[38;5;3m +0ms[39m
[32m[Nest] 37857  - [39m2025/09/28 18:31:41 [32m    LOG[39m [38;5;3m[RouterExplorer] [39m[32mMapped {/adminapi/finance/user_invoice/user/apply, POST} route[39m[38;5;3m +0ms[39m
[32m[Nest] 37857  - [39m2025/09/28 18:31:41 [32m    LOG[39m [38;5;3m[RouterExplorer] [39m[32mMapped {/adminapi/finance/user_invoice, GET} route[39m[38;5;3m +0ms[39m
[32m[Nest] 37857  - [39m2025/09/28 18:31:41 [32m    LOG[39m [38;5;3m[RouterExplorer] [39m[32mMapped {/adminapi/finance/user_invoice/:id, GET} route[39m[38;5;3m +0ms[39m
[32m[Nest] 37857  - [39m2025/09/28 18:31:41 [32m    LOG[39m [38;5;3m[RouterExplorer] [39m[32mMapped {/adminapi/finance/user_invoice/:id, PUT} route[39m[38;5;3m +0ms[39m
[32m[Nest] 37857  - [39m2025/09/28 18:31:41 [32m    LOG[39m [38;5;3m[RouterExplorer] [39m[32mMapped {/adminapi/finance/user_invoice/:id, DELETE} route[39m[38;5;3m +0ms[39m
[32m[Nest] 37857  - [39m2025/09/28 18:31:41 [32m    LOG[39m [38;5;3m[RoutesResolver] [39m[32mUserRechargeOrderController {/adminapi/finance/user_recharge_order}:[39m[38;5;3m +0ms[39m
[32m[Nest] 37857  - [39m2025/09/28 18:31:41 [32m    LOG[39m [38;5;3m[RouterExplorer] [39m[32mMapped {/adminapi/finance/user_recharge_order/list, GET} route[39m[38;5;3m +0ms[39m
[32m[Nest] 37857  - [39m2025/09/28 18:31:41 [32m    LOG[39m [38;5;3m[RouterExplorer] [39m[32mMapped {/adminapi/finance/user_recharge_order/detail, GET} route[39m[38;5;3m +0ms[39m
[32m[Nest] 37857  - [39m2025/09/28 18:31:41 [32m    LOG[39m [38;5;3m[RouterExplorer] [39m[32mMapped {/adminapi/finance/user_recharge_order/create, POST} route[39m[38;5;3m +0ms[39m
[32m[Nest] 37857  - [39m2025/09/28 18:31:41 [32m    LOG[39m [38;5;3m[RouterExplorer] [39m[32mMapped {/adminapi/finance/user_recharge_order/update, PUT} route[39m[38;5;3m +0ms[39m
[32m[Nest] 37857  - [39m2025/09/28 18:31:41 [32m    LOG[39m [38;5;3m[RouterExplorer] [39m[32mMapped {/adminapi/finance/user_recharge_order/del, DELETE} route[39m[38;5;3m +0ms[39m
[32m[Nest] 37857  - [39m2025/09/28 18:31:41 [32m    LOG[39m [38;5;3m[RouterExplorer] [39m[32mMapped {/adminapi/finance/user_recharge_order/batch, POST} route[39m[38;5;3m +0ms[39m
[32m[Nest] 37857  - [39m2025/09/28 18:31:41 [32m    LOG[39m [38;5;3m[RouterExplorer] [39m[32mMapped {/adminapi/finance/user_recharge_order/statistics, GET} route[39m[38;5;3m +0ms[39m
[32m[Nest] 37857  - [39m2025/09/28 18:31:41 [32m    LOG[39m [38;5;3m[RouterExplorer] [39m[32mMapped {/adminapi/finance/user_recharge_order/config, GET} route[39m[38;5;3m +0ms[39m
[32m[Nest] 37857  - [39m2025/09/28 18:31:41 [32m    LOG[39m [38;5;3m[RouterExplorer] [39m[32mMapped {/adminapi/finance/user_recharge_order/user/history, GET} route[39m[38;5;3m +0ms[39m
[32m[Nest] 37857  - [39m2025/09/28 18:31:41 [32m    LOG[39m [38;5;3m[RouterExplorer] [39m[32mMapped {/adminapi/finance/user_recharge_order/user/create, POST} route[39m[38;5;3m +0ms[39m
[32m[Nest] 37857  - [39m2025/09/28 18:31:41 [32m    LOG[39m [38;5;3m[RouterExplorer] [39m[32mMapped {/adminapi/finance/user_recharge_order/user/cancel/:id, POST} route[39m[38;5;3m +0ms[39m
[32m[Nest] 37857  - [39m2025/09/28 18:31:41 [32m    LOG[39m [38;5;3m[RouterExplorer] [39m[32mMapped {/adminapi/finance/user_recharge_order/user/order/:orderSn, GET} route[39m[38;5;3m +0ms[39m
[32m[Nest] 37857  - [39m2025/09/28 18:31:41 [32m    LOG[39m [38;5;3m[RouterExplorer] [39m[32mMapped {/adminapi/finance/user_recharge_order, GET} route[39m[38;5;3m +1ms[39m
[32m[Nest] 37857  - [39m2025/09/28 18:31:41 [32m    LOG[39m [38;5;3m[RouterExplorer] [39m[32mMapped {/adminapi/finance/user_recharge_order/:id, GET} route[39m[38;5;3m +0ms[39m
[32m[Nest] 37857  - [39m2025/09/28 18:31:41 [32m    LOG[39m [38;5;3m[RouterExplorer] [39m[32mMapped {/adminapi/finance/user_recharge_order/:id, PUT} route[39m[38;5;3m +0ms[39m
[32m[Nest] 37857  - [39m2025/09/28 18:31:41 [32m    LOG[39m [38;5;3m[RouterExplorer] [39m[32mMapped {/adminapi/finance/user_recharge_order/:id, DELETE} route[39m[38;5;3m +0ms[39m
[32m[Nest] 37857  - [39m2025/09/28 18:31:41 [32m    LOG[39m [38;5;3m[RoutesResolver] [39m[32mUserWithdrawApplyController {/adminapi/finance/user_withdraw_apply}:[39m[38;5;3m +0ms[39m
[32m[Nest] 37857  - [39m2025/09/28 18:31:41 [32m    LOG[39m [38;5;3m[RouterExplorer] [39m[32mMapped {/adminapi/finance/user_withdraw_apply/list, GET} route[39m[38;5;3m +0ms[39m
[32m[Nest] 37857  - [39m2025/09/28 18:31:41 [32m    LOG[39m [38;5;3m[RouterExplorer] [39m[32mMapped {/adminapi/finance/user_withdraw_apply/detail, GET} route[39m[38;5;3m +0ms[39m
[32m[Nest] 37857  - [39m2025/09/28 18:31:41 [32m    LOG[39m [38;5;3m[RouterExplorer] [39m[32mMapped {/adminapi/finance/user_withdraw_apply/create, POST} route[39m[38;5;3m +0ms[39m
[32m[Nest] 37857  - [39m2025/09/28 18:31:41 [32m    LOG[39m [38;5;3m[RouterExplorer] [39m[32mMapped {/adminapi/finance/user_withdraw_apply/update, PUT} route[39m[38;5;3m +0ms[39m
[32m[Nest] 37857  - [39m2025/09/28 18:31:41 [32m    LOG[39m [38;5;3m[RouterExplorer] [39m[32mMapped {/adminapi/finance/user_withdraw_apply/del, DELETE} route[39m[38;5;3m +0ms[39m
[32m[Nest] 37857  - [39m2025/09/28 18:31:41 [32m    LOG[39m [38;5;3m[RouterExplorer] [39m[32mMapped {/adminapi/finance/user_withdraw_apply/batch, POST} route[39m[38;5;3m +0ms[39m
[32m[Nest] 37857  - [39m2025/09/28 18:31:41 [32m    LOG[39m [38;5;3m[RouterExplorer] [39m[32mMapped {/adminapi/finance/user_withdraw_apply/statistics, GET} route[39m[38;5;3m +0ms[39m
[32m[Nest] 37857  - [39m2025/09/28 18:31:41 [32m    LOG[39m [38;5;3m[RouterExplorer] [39m[32mMapped {/adminapi/finance/user_withdraw_apply/config, GET} route[39m[38;5;3m +0ms[39m
[32m[Nest] 37857  - [39m2025/09/28 18:31:41 [32m    LOG[39m [38;5;3m[RouterExplorer] [39m[32mMapped {/adminapi/finance/user_withdraw_apply/user/history, GET} route[39m[38;5;3m +0ms[39m
[32m[Nest] 37857  - [39m2025/09/28 18:31:41 [32m    LOG[39m [38;5;3m[RouterExplorer] [39m[32mMapped {/adminapi/finance/user_withdraw_apply/user/apply, POST} route[39m[38;5;3m +0ms[39m
[32m[Nest] 37857  - [39m2025/09/28 18:31:41 [32m    LOG[39m [38;5;3m[RouterExplorer] [39m[32mMapped {/adminapi/finance/user_withdraw_apply, GET} route[39m[38;5;3m +0ms[39m
[32m[Nest] 37857  - [39m2025/09/28 18:31:41 [32m    LOG[39m [38;5;3m[RouterExplorer] [39m[32mMapped {/adminapi/finance/user_withdraw_apply/:id, GET} route[39m[38;5;3m +0ms[39m
[32m[Nest] 37857  - [39m2025/09/28 18:31:41 [32m    LOG[39m [38;5;3m[RouterExplorer] [39m[32mMapped {/adminapi/finance/user_withdraw_apply/:id, PUT} route[39m[38;5;3m +0ms[39m
[32m[Nest] 37857  - [39m2025/09/28 18:31:41 [32m    LOG[39m [38;5;3m[RouterExplorer] [39m[32mMapped {/adminapi/finance/user_withdraw_apply/:id, DELETE} route[39m[38;5;3m +0ms[39m
[32m[Nest] 37857  - [39m2025/09/28 18:31:41 [32m    LOG[39m [38;5;3m[RoutesResolver] [39m[32mRefundApplyController {/admin/finance/refund-apply}:[39m[38;5;3m +0ms[39m
[32m[Nest] 37857  - [39m2025/09/28 18:31:41 [32m    LOG[39m [38;5;3m[RouterExplorer] [39m[32mMapped {/admin/finance/refund-apply, GET} route[39m[38;5;3m +0ms[39m
[32m[Nest] 37857  - [39m2025/09/28 18:31:41 [32m    LOG[39m [38;5;3m[RouterExplorer] [39m[32mMapped {/admin/finance/refund-apply/:id, GET} route[39m[38;5;3m +0ms[39m
[32m[Nest] 37857  - [39m2025/09/28 18:31:41 [32m    LOG[39m [38;5;3m[RouterExplorer] [39m[32mMapped {/admin/finance/refund-apply, POST} route[39m[38;5;3m +0ms[39m
[32m[Nest] 37857  - [39m2025/09/28 18:31:41 [32m    LOG[39m [38;5;3m[RouterExplorer] [39m[32mMapped {/admin/finance/refund-apply, PUT} route[39m[38;5;3m +0ms[39m
[32m[Nest] 37857  - [39m2025/09/28 18:31:41 [32m    LOG[39m [38;5;3m[RouterExplorer] [39m[32mMapped {/admin/finance/refund-apply/:id, DELETE} route[39m[38;5;3m +0ms[39m
[32m[Nest] 37857  - [39m2025/09/28 18:31:41 [32m    LOG[39m [38;5;3m[RouterExplorer] [39m[32mMapped {/admin/finance/refund-apply/batch-delete, POST} route[39m[38;5;3m +0ms[39m
[32m[Nest] 37857  - [39m2025/09/28 18:31:41 [32m    LOG[39m [38;5;3m[RouterExplorer] [39m[32mMapped {/admin/finance/refund-apply/stats/status, GET} route[39m[38;5;3m +0ms[39m
[32m[Nest] 37857  - [39m2025/09/28 18:31:41 [32m    LOG[39m [38;5;3m[RouterExplorer] [39m[32mMapped {/admin/finance/refund-apply/status/list, GET} route[39m[38;5;3m +0ms[39m
[32m[Nest] 37857  - [39m2025/09/28 18:31:41 [32m    LOG[39m [38;5;3m[RouterExplorer] [39m[32mMapped {/admin/finance/refund-apply/list, GET} route[39m[38;5;3m +0ms[39m
[32m[Nest] 37857  - [39m2025/09/28 18:31:41 [32m    LOG[39m [38;5;3m[RouterExplorer] [39m[32mMapped {/admin/finance/refund-apply/detail, GET} route[39m[38;5;3m +0ms[39m
[32m[Nest] 37857  - [39m2025/09/28 18:31:41 [32m    LOG[39m [38;5;3m[RouterExplorer] [39m[32mMapped {/admin/finance/refund-apply/config, GET} route[39m[38;5;3m +0ms[39m
[32m[Nest] 37857  - [39m2025/09/28 18:31:41 [32m    LOG[39m [38;5;3m[RoutesResolver] [39m[32mRefundController {/adminapi/finance/refund}:[39m[38;5;3m +0ms[39m
[32m[Nest] 37857  - [39m2025/09/28 18:31:41 [32m    LOG[39m [38;5;3m[RouterExplorer] [39m[32mMapped {/adminapi/finance/refund, GET} route[39m[38;5;3m +0ms[39m
[32m[Nest] 37857  - [39m2025/09/28 18:31:41 [32m    LOG[39m [38;5;3m[RouterExplorer] [39m[32mMapped {/adminapi/finance/refund/:id, GET} route[39m[38;5;3m +0ms[39m
[32m[Nest] 37857  - [39m2025/09/28 18:31:41 [32m    LOG[39m [38;5;3m[RouterExplorer] [39m[32mMapped {/adminapi/finance/refund, POST} route[39m[38;5;3m +0ms[39m
[32m[Nest] 37857  - [39m2025/09/28 18:31:41 [32m    LOG[39m [38;5;3m[RouterExplorer] [39m[32mMapped {/adminapi/finance/refund/:id, PUT} route[39m[38;5;3m +0ms[39m
[32m[Nest] 37857  - [39m2025/09/28 18:31:41 [32m    LOG[39m [38;5;3m[RouterExplorer] [39m[32mMapped {/adminapi/finance/refund/:id/approve, POST} route[39m[38;5;3m +0ms[39m
[32m[Nest] 37857  - [39m2025/09/28 18:31:41 [32m    LOG[39m [38;5;3m[RouterExplorer] [39m[32mMapped {/adminapi/finance/refund/:id/reject, POST} route[39m[38;5;3m +0ms[39m
[32m[Nest] 37857  - [39m2025/09/28 18:31:41 [32m    LOG[39m [38;5;3m[RouterExplorer] [39m[32mMapped {/adminapi/finance/refund/:id/cancel, POST} route[39m[38;5;3m +0ms[39m
[32m[Nest] 37857  - [39m2025/09/28 18:31:41 [32m    LOG[39m [38;5;3m[RouterExplorer] [39m[32mMapped {/adminapi/finance/refund/process, POST} route[39m[38;5;3m +0ms[39m
[32m[Nest] 37857  - [39m2025/09/28 18:31:41 [32m    LOG[39m [38;5;3m[RouterExplorer] [39m[32mMapped {/adminapi/finance/refund/batch-process, POST} route[39m[38;5;3m +0ms[39m
[32m[Nest] 37857  - [39m2025/09/28 18:31:41 [32m    LOG[39m [38;5;3m[RouterExplorer] [39m[32mMapped {/adminapi/finance/refund/stats, GET} route[39m[38;5;3m +0ms[39m
[32m[Nest] 37857  - [39m2025/09/28 18:31:41 [32m    LOG[39m [38;5;3m[RouterExplorer] [39m[32mMapped {/adminapi/finance/refund/types, GET} route[39m[38;5;3m +0ms[39m
[32m[Nest] 37857  - [39m2025/09/28 18:31:41 [32m    LOG[39m [38;5;3m[RouterExplorer] [39m[32mMapped {/adminapi/finance/refund/status, GET} route[39m[38;5;3m +0ms[39m
[32m[Nest] 37857  - [39m2025/09/28 18:31:41 [32m    LOG[39m [38;5;3m[RouterExplorer] [39m[32mMapped {/adminapi/finance/refund/logs/:refundId, GET} route[39m[38;5;3m +0ms[39m
[32m[Nest] 37857  - [39m2025/09/28 18:31:41 [32m    LOG[39m [38;5;3m[RouterExplorer] [39m[32mMapped {/adminapi/finance/refund/:id, DELETE} route[39m[38;5;3m +0ms[39m
[32m[Nest] 37857  - [39m2025/09/28 18:31:41 [32m    LOG[39m [38;5;3m[RoutesResolver] [39m[32mUserBalanceLogController {/admin/finance/user-balance-log}:[39m[38;5;3m +0ms[39m
[32m[Nest] 37857  - [39m2025/09/28 18:31:41 [32m    LOG[39m [38;5;3m[RouterExplorer] [39m[32mMapped {/admin/finance/user-balance-log, GET} route[39m[38;5;3m +1ms[39m
[32m[Nest] 37857  - [39m2025/09/28 18:31:41 [32m    LOG[39m [38;5;3m[RouterExplorer] [39m[32mMapped {/admin/finance/user-balance-log/:id, GET} route[39m[38;5;3m +0ms[39m
[32m[Nest] 37857  - [39m2025/09/28 18:31:41 [32m    LOG[39m [38;5;3m[RouterExplorer] [39m[32mMapped {/admin/finance/user-balance-log, POST} route[39m[38;5;3m +0ms[39m
[32m[Nest] 37857  - [39m2025/09/28 18:31:41 [32m    LOG[39m [38;5;3m[RouterExplorer] [39m[32mMapped {/admin/finance/user-balance-log, PUT} route[39m[38;5;3m +0ms[39m
[32m[Nest] 37857  - [39m2025/09/28 18:31:41 [32m    LOG[39m [38;5;3m[RouterExplorer] [39m[32mMapped {/admin/finance/user-balance-log/:id, DELETE} route[39m[38;5;3m +0ms[39m
[32m[Nest] 37857  - [39m2025/09/28 18:31:41 [32m    LOG[39m [38;5;3m[RouterExplorer] [39m[32mMapped {/admin/finance/user-balance-log/batch-delete, POST} route[39m[38;5;3m +0ms[39m
[32m[Nest] 37857  - [39m2025/09/28 18:31:41 [32m    LOG[39m [38;5;3m[RouterExplorer] [39m[32mMapped {/admin/finance/user-balance-log/user/:userId, GET} route[39m[38;5;3m +0ms[39m
[32m[Nest] 37857  - [39m2025/09/28 18:31:41 [32m    LOG[39m [38;5;3m[RouterExplorer] [39m[32mMapped {/admin/finance/user-balance-log/stats/balance, GET} route[39m[38;5;3m +0ms[39m
[32m[Nest] 37857  - [39m2025/09/28 18:31:41 [32m    LOG[39m [38;5;3m[RouterExplorer] [39m[32mMapped {/admin/finance/user-balance-log/stats/monthly, GET} route[39m[38;5;3m +0ms[39m
[32m[Nest] 37857  - [39m2025/09/28 18:31:41 [32m    LOG[39m [38;5;3m[RouterExplorer] [39m[32mMapped {/admin/finance/user-balance-log/stats/top-users, GET} route[39m[38;5;3m +0ms[39m
[32m[Nest] 37857  - [39m2025/09/28 18:31:41 [32m    LOG[39m [38;5;3m[RouterExplorer] [39m[32mMapped {/admin/finance/user-balance-log/type/list, GET} route[39m[38;5;3m +0ms[39m
[32m[Nest] 37857  - [39m2025/09/28 18:31:41 [32m    LOG[39m [38;5;3m[RouterExplorer] [39m[32mMapped {/admin/finance/user-balance-log/change-type/list, GET} route[39m[38;5;3m +0ms[39m
[32m[Nest] 37857  - [39m2025/09/28 18:31:41 [32m    LOG[39m [38;5;3m[RoutesResolver] [39m[32mStatementController {/admin/finance/statement}:[39m[38;5;3m +0ms[39m
[32m[Nest] 37857  - [39m2025/09/28 18:31:41 [32m    LOG[39m [38;5;3m[RouterExplorer] [39m[32mMapped {/admin/finance/statement, GET} route[39m[38;5;3m +0ms[39m
[32m[Nest] 37857  - [39m2025/09/28 18:31:41 [32m    LOG[39m [38;5;3m[RouterExplorer] [39m[32mMapped {/admin/finance/statement/:id, GET} route[39m[38;5;3m +0ms[39m
[32m[Nest] 37857  - [39m2025/09/28 18:31:41 [32m    LOG[39m [38;5;3m[RouterExplorer] [39m[32mMapped {/admin/finance/statement, POST} route[39m[38;5;3m +0ms[39m
[32m[Nest] 37857  - [39m2025/09/28 18:31:41 [32m    LOG[39m [38;5;3m[RouterExplorer] [39m[32mMapped {/admin/finance/statement, PUT} route[39m[38;5;3m +0ms[39m
[32m[Nest] 37857  - [39m2025/09/28 18:31:41 [32m    LOG[39m [38;5;3m[RouterExplorer] [39m[32mMapped {/admin/finance/statement/:id, DELETE} route[39m[38;5;3m +0ms[39m
[32m[Nest] 37857  - [39m2025/09/28 18:31:41 [32m    LOG[39m [38;5;3m[RouterExplorer] [39m[32mMapped {/admin/finance/statement/batch-delete, POST} route[39m[38;5;3m +0ms[39m
[32m[Nest] 37857  - [39m2025/09/28 18:31:41 [32m    LOG[39m [38;5;3m[RouterExplorer] [39m[32mMapped {/admin/finance/statement/stats/status, GET} route[39m[38;5;3m +0ms[39m
[32m[Nest] 37857  - [39m2025/09/28 18:31:41 [32m    LOG[39m [38;5;3m[RouterExplorer] [39m[32mMapped {/admin/finance/statement/stats/amount, GET} route[39m[38;5;3m +0ms[39m
[32m[Nest] 37857  - [39m2025/09/28 18:31:41 [32m    LOG[39m [38;5;3m[RouterExplorer] [39m[32mMapped {/admin/finance/statement/type/list, GET} route[39m[38;5;3m +0ms[39m
[32m[Nest] 37857  - [39m2025/09/28 18:31:41 [32m    LOG[39m [38;5;3m[RouterExplorer] [39m[32mMapped {/admin/finance/statement/status/list, GET} route[39m[38;5;3m +0ms[39m
[32m[Nest] 37857  - [39m2025/09/28 18:31:41 [32m    LOG[39m [38;5;3m[RouterExplorer] [39m[32mMapped {/admin/finance/statement/user/:userId, GET} route[39m[38;5;3m +0ms[39m
[32m[Nest] 37857  - [39m2025/09/28 18:31:41 [32m    LOG[39m [38;5;3m[RouterExplorer] [39m[32mMapped {/admin/finance/statement/shop/:shopId, GET} route[39m[38;5;3m +0ms[39m
[32m[Nest] 37857  - [39m2025/09/28 18:31:41 [32m    LOG[39m [38;5;3m[RoutesResolver] [39m[32mBalanceController {/adminapi/finance/balance}:[39m[38;5;3m +0ms[39m
[32m[Nest] 37857  - [39m2025/09/28 18:31:41 [32m    LOG[39m [38;5;3m[RouterExplorer] [39m[32mMapped {/adminapi/finance/balance, GET} route[39m[38;5;3m +0ms[39m
[32m[Nest] 37857  - [39m2025/09/28 18:31:41 [32m    LOG[39m [38;5;3m[RouterExplorer] [39m[32mMapped {/adminapi/finance/balance/:userId, GET} route[39m[38;5;3m +0ms[39m
[32m[Nest] 37857  - [39m2025/09/28 18:31:41 [32m    LOG[39m [38;5;3m[RouterExplorer] [39m[32mMapped {/adminapi/finance/balance/adjust, POST} route[39m[38;5;3m +0ms[39m
[32m[Nest] 37857  - [39m2025/09/28 18:31:41 [32m    LOG[39m [38;5;3m[RouterExplorer] [39m[32mMapped {/adminapi/finance/balance/freeze, POST} route[39m[38;5;3m +0ms[39m
[32m[Nest] 37857  - [39m2025/09/28 18:31:41 [32m    LOG[39m [38;5;3m[RouterExplorer] [39m[32mMapped {/adminapi/finance/balance/unfreeze, POST} route[39m[38;5;3m +0ms[39m
[32m[Nest] 37857  - [39m2025/09/28 18:31:41 [32m    LOG[39m [38;5;3m[RouterExplorer] [39m[32mMapped {/adminapi/finance/balance/:userId/logs, GET} route[39m[38;5;3m +0ms[39m
[32m[Nest] 37857  - [39m2025/09/28 18:31:41 [32m    LOG[39m [38;5;3m[RouterExplorer] [39m[32mMapped {/adminapi/finance/balance/stats/overview, GET} route[39m[38;5;3m +0ms[39m
[32m[Nest] 37857  - [39m2025/09/28 18:31:41 [32m    LOG[39m [38;5;3m[RouterExplorer] [39m[32mMapped {/adminapi/finance/balance/top/users, GET} route[39m[38;5;3m +0ms[39m
[32m[Nest] 37857  - [39m2025/09/28 18:31:41 [32m    LOG[39m [38;5;3m[RouterExplorer] [39m[32mMapped {/adminapi/finance/balance/change-types, GET} route[39m[38;5;3m +0ms[39m
[32m[Nest] 37857  - [39m2025/09/28 18:31:41 [32m    LOG[39m [38;5;3m[RoutesResolver] [39m[32mArticleController {/admin/content/article}:[39m[38;5;3m +0ms[39m
[32m[Nest] 37857  - [39m2025/09/28 18:31:41 [32m    LOG[39m [38;5;3m[RouterExplorer] [39m[32mMapped {/admin/content/article/list, GET} route[39m[38;5;3m +0ms[39m
[32m[Nest] 37857  - [39m2025/09/28 18:31:41 [32m    LOG[39m [38;5;3m[RouterExplorer] [39m[32mMapped {/admin/content/article/detail/:id, GET} route[39m[38;5;3m +0ms[39m
[32m[Nest] 37857  - [39m2025/09/28 18:31:41 [32m    LOG[39m [38;5;3m[RouterExplorer] [39m[32mMapped {/admin/content/article/create, POST} route[39m[38;5;3m +0ms[39m
[32m[Nest] 37857  - [39m2025/09/28 18:31:41 [32m    LOG[39m [38;5;3m[RouterExplorer] [39m[32mMapped {/admin/content/article/update/:id, PUT} route[39m[38;5;3m +0ms[39m
[32m[Nest] 37857  - [39m2025/09/28 18:31:41 [32m    LOG[39m [38;5;3m[RouterExplorer] [39m[32mMapped {/admin/content/article/del/:id, DELETE} route[39m[38;5;3m +0ms[39m
[32m[Nest] 37857  - [39m2025/09/28 18:31:41 [32m    LOG[39m [38;5;3m[RouterExplorer] [39m[32mMapped {/admin/content/article/batch, POST} route[39m[38;5;3m +0ms[39m
[32m[Nest] 37857  - [39m2025/09/28 18:31:41 [32m    LOG[39m [38;5;3m[RouterExplorer] [39m[32mMapped {/admin/content/article/statistics, GET} route[39m[38;5;3m +0ms[39m
[32m[Nest] 37857  - [39m2025/09/28 18:31:41 [32m    LOG[39m [38;5;3m[RoutesResolver] [39m[32mArticleCategoryController {/content/article_category}:[39m[38;5;3m +0ms[39m
[32m[Nest] 37857  - [39m2025/09/28 18:31:41 [32m    LOG[39m [38;5;3m[RouterExplorer] [39m[32mMapped {/content/article_category/list, GET} route[39m[38;5;3m +1ms[39m
[32m[Nest] 37857  - [39m2025/09/28 18:31:41 [32m    LOG[39m [38;5;3m[RouterExplorer] [39m[32mMapped {/content/article_category/config, GET} route[39m[38;5;3m +0ms[39m
[32m[Nest] 37857  - [39m2025/09/28 18:31:41 [32m    LOG[39m [38;5;3m[RouterExplorer] [39m[32mMapped {/content/article_category/detail, GET} route[39m[38;5;3m +0ms[39m
[32m[Nest] 37857  - [39m2025/09/28 18:31:41 [32m    LOG[39m [38;5;3m[RouterExplorer] [39m[32mMapped {/content/article_category/create, POST} route[39m[38;5;3m +0ms[39m
[32m[Nest] 37857  - [39m2025/09/28 18:31:41 [32m    LOG[39m [38;5;3m[RouterExplorer] [39m[32mMapped {/content/article_category/update, PUT} route[39m[38;5;3m +0ms[39m
[32m[Nest] 37857  - [39m2025/09/28 18:31:41 [32m    LOG[39m [38;5;3m[RouterExplorer] [39m[32mMapped {/content/article_category/del, DELETE} route[39m[38;5;3m +0ms[39m
[32m[Nest] 37857  - [39m2025/09/28 18:31:41 [32m    LOG[39m [38;5;3m[RouterExplorer] [39m[32mMapped {/content/article_category/batch, POST} route[39m[38;5;3m +0ms[39m
[32m[Nest] 37857  - [39m2025/09/28 18:31:41 [32m    LOG[39m [38;5;3m[RoutesResolver] [39m[32mHomeController {/content/home}:[39m[38;5;3m +0ms[39m
[32m[Nest] 37857  - [39m2025/09/28 18:31:41 [32m    LOG[39m [38;5;3m[RouterExplorer] [39m[32mMapped {/content/home/list, GET} route[39m[38;5;3m +0ms[39m
[32m[Nest] 37857  - [39m2025/09/28 18:31:41 [32m    LOG[39m [38;5;3m[RouterExplorer] [39m[32mMapped {/content/home/config, GET} route[39m[38;5;3m +0ms[39m
[32m[Nest] 37857  - [39m2025/09/28 18:31:41 [32m    LOG[39m [38;5;3m[RouterExplorer] [39m[32mMapped {/content/home/detail, GET} route[39m[38;5;3m +0ms[39m
[32m[Nest] 37857  - [39m2025/09/28 18:31:41 [32m    LOG[39m [38;5;3m[RouterExplorer] [39m[32mMapped {/content/home/create, POST} route[39m[38;5;3m +0ms[39m
[32m[Nest] 37857  - [39m2025/09/28 18:31:41 [32m    LOG[39m [38;5;3m[RouterExplorer] [39m[32mMapped {/content/home/update, PUT} route[39m[38;5;3m +0ms[39m
[32m[Nest] 37857  - [39m2025/09/28 18:31:41 [32m    LOG[39m [38;5;3m[RouterExplorer] [39m[32mMapped {/content/home/del, DELETE} route[39m[38;5;3m +0ms[39m
[32m[Nest] 37857  - [39m2025/09/28 18:31:41 [32m    LOG[39m [38;5;3m[RouterExplorer] [39m[32mMapped {/content/home/batch, POST} route[39m[38;5;3m +0ms[39m
[32m[Nest] 37857  - [39m2025/09/28 18:31:41 [32m    LOG[39m [38;5;3m[RoutesResolver] [39m[32mShareController {/content/share}:[39m[38;5;3m +0ms[39m
[32m[Nest] 37857  - [39m2025/09/28 18:31:41 [32m    LOG[39m [38;5;3m[RouterExplorer] [39m[32mMapped {/content/share/list, GET} route[39m[38;5;3m +0ms[39m
[32m[Nest] 37857  - [39m2025/09/28 18:31:41 [32m    LOG[39m [38;5;3m[RouterExplorer] [39m[32mMapped {/content/share/config, GET} route[39m[38;5;3m +0ms[39m
[32m[Nest] 37857  - [39m2025/09/28 18:31:41 [32m    LOG[39m [38;5;3m[RouterExplorer] [39m[32mMapped {/content/share/detail, GET} route[39m[38;5;3m +0ms[39m
[32m[Nest] 37857  - [39m2025/09/28 18:31:41 [32m    LOG[39m [38;5;3m[RouterExplorer] [39m[32mMapped {/content/share/create, POST} route[39m[38;5;3m +0ms[39m
[32m[Nest] 37857  - [39m2025/09/28 18:31:41 [32m    LOG[39m [38;5;3m[RouterExplorer] [39m[32mMapped {/content/share/update, PUT} route[39m[38;5;3m +0ms[39m
[32m[Nest] 37857  - [39m2025/09/28 18:31:41 [32m    LOG[39m [38;5;3m[RouterExplorer] [39m[32mMapped {/content/share/del, DELETE} route[39m[38;5;3m +0ms[39m
[32m[Nest] 37857  - [39m2025/09/28 18:31:41 [32m    LOG[39m [38;5;3m[RouterExplorer] [39m[32mMapped {/content/share/batch, POST} route[39m[38;5;3m +0ms[39m
[32m[Nest] 37857  - [39m2025/09/28 18:31:41 [32m    LOG[39m [38;5;3m[RoutesResolver] [39m[32mNotificationController {/notification}:[39m[38;5;3m +0ms[39m
[32m[Nest] 37857  - [39m2025/09/28 18:31:41 [32m    LOG[39m [38;5;3m[RouterExplorer] [39m[32mMapped {/notification, POST} route[39m[38;5;3m +0ms[39m
[32m[Nest] 37857  - [39m2025/09/28 18:31:41 [32m    LOG[39m [38;5;3m[RouterExplorer] [39m[32mMapped {/notification/list, GET} route[39m[38;5;3m +0ms[39m
[32m[Nest] 37857  - [39m2025/09/28 18:31:41 [32m    LOG[39m [38;5;3m[RouterExplorer] [39m[32mMapped {/notification/:id, GET} route[39m[38;5;3m +0ms[39m
[32m[Nest] 37857  - [39m2025/09/28 18:31:41 [32m    LOG[39m [38;5;3m[RouterExplorer] [39m[32mMapped {/notification/:id, PUT} route[39m[38;5;3m +0ms[39m
[32m[Nest] 37857  - [39m2025/09/28 18:31:41 [32m    LOG[39m [38;5;3m[RouterExplorer] [39m[32mMapped {/notification/:id, DELETE} route[39m[38;5;3m +0ms[39m
[32m[Nest] 37857  - [39m2025/09/28 18:31:41 [32m    LOG[39m [38;5;3m[RouterExplorer] [39m[32mMapped {/notification/mark-read, POST} route[39m[38;5;3m +0ms[39m
[32m[Nest] 37857  - [39m2025/09/28 18:31:41 [32m    LOG[39m [38;5;3m[RouterExplorer] [39m[32mMapped {/notification/mark-all-read, POST} route[39m[38;5;3m +0ms[39m
[32m[Nest] 37857  - [39m2025/09/28 18:31:41 [32m    LOG[39m [38;5;3m[RouterExplorer] [39m[32mMapped {/notification/user/list, GET} route[39m[38;5;3m +0ms[39m
[32m[Nest] 37857  - [39m2025/09/28 18:31:41 [32m    LOG[39m [38;5;3m[RouterExplorer] [39m[32mMapped {/notification/user/unread-count, GET} route[39m[38;5;3m +0ms[39m
[32m[Nest] 37857  - [39m2025/09/28 18:31:41 [32m    LOG[39m [38;5;3m[RouterExplorer] [39m[32mMapped {/notification/template, POST} route[39m[38;5;3m +0ms[39m
[32m[Nest] 37857  - [39m2025/09/28 18:31:41 [32m    LOG[39m [38;5;3m[RouterExplorer] [39m[32mMapped {/notification/template/list, GET} route[39m[38;5;3m +0ms[39m
[32m[Nest] 37857  - [39m2025/09/28 18:31:41 [32m    LOG[39m [38;5;3m[RouterExplorer] [39m[32mMapped {/notification/template/:code, GET} route[39m[38;5;3m +0ms[39m
[32m[Nest] 37857  - [39m2025/09/28 18:31:41 [32m    LOG[39m [38;5;3m[RouterExplorer] [39m[32mMapped {/notification/template/:code/send, POST} route[39m[38;5;3m +0ms[39m
[32m[Nest] 37857  - [39m2025/09/28 18:31:41 [32m    LOG[39m [38;5;3m[RouterExplorer] [39m[32mMapped {/notification/stats, GET} route[39m[38;5;3m +0ms[39m
[32m[Nest] 37857  - [39m2025/09/28 18:31:41 [32m    LOG[39m [38;5;3m[RouterExplorer] [39m[32mMapped {/notification/:id/send, POST} route[39m[38;5;3m +0ms[39m
[32m[Nest] 37857  - [39m2025/09/28 18:31:41 [32m    LOG[39m [38;5;3m[RoutesResolver] [39m[32mAppointmentController {/appointment}:[39m[38;5;3m +0ms[39m
[32m[Nest] 37857  - [39m2025/09/28 18:31:41 [32m    LOG[39m [38;5;3m[RouterExplorer] [39m[32mMapped {/appointment, POST} route[39m[38;5;3m +0ms[39m
[32m[Nest] 37857  - [39m2025/09/28 18:31:41 [32m    LOG[39m [38;5;3m[RouterExplorer] [39m[32mMapped {/appointment/list, GET} route[39m[38;5;3m +0ms[39m
[32m[Nest] 37857  - [39m2025/09/28 18:31:41 [32m    LOG[39m [38;5;3m[RouterExplorer] [39m[32mMapped {/appointment/:id, GET} route[39m[38;5;3m +0ms[39m
[32m[Nest] 37857  - [39m2025/09/28 18:31:41 [32m    LOG[39m [38;5;3m[RouterExplorer] [39m[32mMapped {/appointment/:id, PUT} route[39m[38;5;3m +0ms[39m
[32m[Nest] 37857  - [39m2025/09/28 18:31:41 [32m    LOG[39m [38;5;3m[RouterExplorer] [39m[32mMapped {/appointment/:id/cancel, POST} route[39m[38;5;3m +0ms[39m
[32m[Nest] 37857  - [39m2025/09/28 18:31:41 [32m    LOG[39m [38;5;3m[RouterExplorer] [39m[32mMapped {/appointment/:id/reschedule, POST} route[39m[38;5;3m +0ms[39m
[32m[Nest] 37857  - [39m2025/09/28 18:31:41 [32m    LOG[39m [38;5;3m[RouterExplorer] [39m[32mMapped {/appointment/staff/:staffId/availability, GET} route[39m[38;5;3m +0ms[39m
[32m[Nest] 37857  - [39m2025/09/28 18:31:41 [32m    LOG[39m [38;5;3m[RouterExplorer] [39m[32mMapped {/appointment/staff/:staffId/appointments, GET} route[39m[38;5;3m +1ms[39m
[32m[Nest] 37857  - [39m2025/09/28 18:31:41 [32m    LOG[39m [38;5;3m[RouterExplorer] [39m[32mMapped {/appointment/customer/:customerId/appointments, GET} route[39m[38;5;3m +0ms[39m
[32m[Nest] 37857  - [39m2025/09/28 18:31:41 [32m    LOG[39m [38;5;3m[RouterExplorer] [39m[32mMapped {/appointment/upcoming, GET} route[39m[38;5;3m +0ms[39m
[32m[Nest] 37857  - [39m2025/09/28 18:31:41 [32m    LOG[39m [38;5;3m[RouterExplorer] [39m[32mMapped {/appointment/service, POST} route[39m[38;5;3m +0ms[39m
[32m[Nest] 37857  - [39m2025/09/28 18:31:41 [32m    LOG[39m [38;5;3m[RouterExplorer] [39m[32mMapped {/appointment/service/list, GET} route[39m[38;5;3m +0ms[39m
[32m[Nest] 37857  - [39m2025/09/28 18:31:41 [32m    LOG[39m [38;5;3m[RouterExplorer] [39m[32mMapped {/appointment/service/:id, GET} route[39m[38;5;3m +0ms[39m
[32m[Nest] 37857  - [39m2025/09/28 18:31:41 [32m    LOG[39m [38;5;3m[RouterExplorer] [39m[32mMapped {/appointment/check-availability, POST} route[39m[38;5;3m +0ms[39m
[32m[Nest] 37857  - [39m2025/09/28 18:31:41 [32m    LOG[39m [38;5;3m[RouterExplorer] [39m[32mMapped {/appointment/stats, GET} route[39m[38;5;3m +0ms[39m
[32m[Nest] 37857  - [39m2025/09/28 18:31:41 [32m    LOG[39m [38;5;3m[RouterExplorer] [39m[32mMapped {/appointment/:id/confirm, POST} route[39m[38;5;3m +0ms[39m
[32m[Nest] 37857  - [39m2025/09/28 18:31:41 [32m    LOG[39m [38;5;3m[RouterExplorer] [39m[32mMapped {/appointment/:id/start, POST} route[39m[38;5;3m +0ms[39m
[32m[Nest] 37857  - [39m2025/09/28 18:31:41 [32m    LOG[39m [38;5;3m[RouterExplorer] [39m[32mMapped {/appointment/:id/complete, POST} route[39m[38;5;3m +0ms[39m
[32m[Nest] 37857  - [39m2025/09/28 18:31:41 [32m    LOG[39m [38;5;3m[RouterExplorer] [39m[32mMapped {/appointment/:id/no-show, POST} route[39m[38;5;3m +0ms[39m
[32m[Nest] 37857  - [39m2025/09/28 18:31:41 [32m    LOG[39m [38;5;3m[RoutesResolver] [39m[32mMicroservicesController {/microservices}:[39m[38;5;3m +0ms[39m
[32m[Nest] 37857  - [39m2025/09/28 18:31:41 [32m    LOG[39m [38;5;3m[RouterExplorer] [39m[32mMapped {/microservices/status, GET} route[39m[38;5;3m +0ms[39m
[32m[Nest] 37857  - [39m2025/09/28 18:31:41 [32m    LOG[39m [38;5;3m[RouterExplorer] [39m[32mMapped {/microservices/:type/reconnect, POST} route[39m[38;5;3m +0ms[39m
[32m[Nest] 37857  - [39m2025/09/28 18:31:41 [32m    LOG[39m [38;5;3m[RouterExplorer] [39m[32mMapped {/microservices/:type/send, POST} route[39m[38;5;3m +0ms[39m
[32m[Nest] 37857  - [39m2025/09/28 18:31:41 [32m    LOG[39m [38;5;3m[RouterExplorer] [39m[32mMapped {/microservices/:type/emit, POST} route[39m[38;5;3m +0ms[39m
[32m[Nest] 37857  - [39m2025/09/28 18:31:41 [32m    LOG[39m [38;5;3m[RouterExplorer] [39m[32mMapped {/microservices/services, GET} route[39m[38;5;3m +0ms[39m
[32m[Nest] 37857  - [39m2025/09/28 18:31:41 [32m    LOG[39m [38;5;3m[RouterExplorer] [39m[32mMapped {/microservices/kafka/publish, POST} route[39m[38;5;3m +0ms[39m
[32m[Nest] 37857  - [39m2025/09/28 18:31:41 [32m    LOG[39m [38;5;3m[RouterExplorer] [39m[32mMapped {/microservices/kafka/subscribe, POST} route[39m[38;5;3m +0ms[39m
[32m[Nest] 37857  - [39m2025/09/28 18:31:41 [32m    LOG[39m [38;5;3m[RouterExplorer] [39m[32mMapped {/microservices/redis/publish, POST} route[39m[38;5;3m +0ms[39m
[32m[Nest] 37857  - [39m2025/09/28 18:31:41 [32m    LOG[39m [38;5;3m[RouterExplorer] [39m[32mMapped {/microservices/redis/subscribe, POST} route[39m[38;5;3m +2ms[39m
[32m[Nest] 37857  - [39m2025/09/28 18:31:41 [32m    LOG[39m [38;5;3m[RouterExplorer] [39m[32mMapped {/microservices/events/publish, POST} route[39m[38;5;3m +0ms[39m
[32m[Nest] 37857  - [39m2025/09/28 18:31:41 [32m    LOG[39m [38;5;3m[RouterExplorer] [39m[32mMapped {/microservices/events/:aggregateId, GET} route[39m[38;5;3m +0ms[39m
[32m[Nest] 37857  - [39m2025/09/28 18:31:41 [32m    LOG[39m [38;5;3m[RouterExplorer] [39m[32mMapped {/microservices/load-balancer/send, POST} route[39m[38;5;3m +0ms[39m
[32m[Nest] 37857  - [39m2025/09/28 18:31:41 [32m    LOG[39m [38;5;3m[RouterExplorer] [39m[32mMapped {/microservices/types, GET} route[39m[38;5;3m +0ms[39m
[32m[Nest] 37857  - [39m2025/09/28 18:31:41 [32m    LOG[39m [38;5;3m[RouterExplorer] [39m[32mMapped {/microservices/health-check, POST} route[39m[38;5;3m +0ms[39m
[32m[Nest] 37857  - [39m2025/09/28 18:31:41 [32m    LOG[39m [38;5;3m[RouterExplorer] [39m[32mMapped {/microservices/metrics, GET} route[39m[38;5;3m +0ms[39m
[32m[Nest] 37857  - [39m2025/09/28 18:31:41 [32m    LOG[39m [38;5;3m[RoutesResolver] [39m[32mWechatController {/wechat}:[39m[38;5;3m +0ms[39m
[32m[Nest] 37857  - [39m2025/09/28 18:31:41 [32m    LOG[39m [38;5;3m[RouterExplorer] [39m[32mMapped {/wechat/qrcode, GET} route[39m[38;5;3m +0ms[39m
[32m[Nest] 37857  - [39m2025/09/28 18:31:41 [32m    LOG[39m [38;5;3m[RouterExplorer] [39m[32mMapped {/wechat/qrcode/url, POST} route[39m[38;5;3m +0ms[39m
[32m[Nest] 37857  - [39m2025/09/28 18:31:41 [32m    LOG[39m [38;5;3m[RoutesResolver] [39m[32mDecorateController {/admin-api/decorate}:[39m[38;5;3m +0ms[39m
[32m[Nest] 37857  - [39m2025/09/28 18:31:41 [32m    LOG[39m [38;5;3m[RouterExplorer] [39m[32mMapped {/admin-api/decorate, GET} route[39m[38;5;3m +0ms[39m
[32m[Nest] 37857  - [39m2025/09/28 18:31:41 [32m    LOG[39m [38;5;3m[RouterExplorer] [39m[32mMapped {/admin-api/decorate/:id, GET} route[39m[38;5;3m +0ms[39m
[32m[Nest] 37857  - [39m2025/09/28 18:31:41 [32m    LOG[39m [38;5;3m[RouterExplorer] [39m[32mMapped {/admin-api/decorate, POST} route[39m[38;5;3m +0ms[39m
[32m[Nest] 37857  - [39m2025/09/28 18:31:41 [32m    LOG[39m [38;5;3m[RouterExplorer] [39m[32mMapped {/admin-api/decorate, PUT} route[39m[38;5;3m +0ms[39m
[32m[Nest] 37857  - [39m2025/09/28 18:31:41 [32m    LOG[39m [38;5;3m[RouterExplorer] [39m[32mMapped {/admin-api/decorate/:id, DELETE} route[39m[38;5;3m +0ms[39m
[32m[Nest] 37857  - [39m2025/09/28 18:31:41 [32m    LOG[39m [38;5;3m[RouterExplorer] [39m[32mMapped {/admin-api/decorate/batch-delete, POST} route[39m[38;5;3m +0ms[39m
[32m[Nest] 37857  - [39m2025/09/28 18:31:41 [32m    LOG[39m [38;5;3m[RouterExplorer] [39m[32mMapped {/admin-api/decorate/:id/status, PUT} route[39m[38;5;3m +0ms[39m
[32m[Nest] 37857  - [39m2025/09/28 18:31:41 [32m    LOG[39m [38;5;3m[RouterExplorer] [39m[32mMapped {/admin-api/decorate/type/list, GET} route[39m[38;5;3m +0ms[39m
[32m[Nest] 37857  - [39m2025/09/28 18:31:41 [32m    LOG[39m [38;5;3m[RouterExplorer] [39m[32mMapped {/admin-api/decorate/platform/list, GET} route[39m[38;5;3m +0ms[39m
[32m[Nest] 37857  - [39m2025/09/28 18:31:41 [32m    LOG[39m [38;5;3m[RouterExplorer] [39m[32mMapped {/admin-api/decorate/status/list, GET} route[39m[38;5;3m +0ms[39m
[32m[Nest] 37857  - [39m2025/09/28 18:31:41 [32m    LOG[39m [38;5;3m[RouterExplorer] [39m[32mMapped {/admin-api/decorate/stats/info, GET} route[39m[38;5;3m +0ms[39m
[32m[Nest] 37857  - [39m2025/09/28 18:31:41 [32m    LOG[39m [38;5;3m[RouterExplorer] [39m[32mMapped {/admin-api/decorate/preview/:id, GET} route[39m[38;5;3m +0ms[39m
[32m[Nest] 37857  - [39m2025/09/28 18:31:41 [32m    LOG[39m [38;5;3m[RouterExplorer] [39m[32mMapped {/admin-api/decorate/copy/:id, POST} route[39m[38;5;3m +0ms[39m
[32m[Nest] 37857  - [39m2025/09/28 18:31:41 [32m    LOG[39m [38;5;3m[RoutesResolver] [39m[32mUserDecorateController {/api/decorate}:[39m[38;5;3m +0ms[39m
[32m[Nest] 37857  - [39m2025/09/28 18:31:41 [32m    LOG[39m [38;5;3m[RouterExplorer] [39m[32mMapped {/api/decorate/discrete/getOpenAdvertising, GET} route[39m[38;5;3m +0ms[39m
[32m[Nest] 37857  - [39m2025/09/28 18:31:41 [32m    LOG[39m [38;5;3m[RouterExplorer] [39m[32mMapped {/api/decorate/discrete/getBanner, GET} route[39m[38;5;3m +0ms[39m
[32m[Nest] 37857  - [39m2025/09/28 18:31:41 [32m    LOG[39m [38;5;3m[RouterExplorer] [39m[32mMapped {/api/decorate/discrete/getNavigation, GET} route[39m[38;5;3m +0ms[39m
[32m[Nest] 37857  - [39m2025/09/28 18:31:41 [32m    LOG[39m [38;5;3m[RouterExplorer] [39m[32mMapped {/api/decorate/discrete/getFloatAd, GET} route[39m[38;5;3m +0ms[39m
[32m[Nest] 37857  - [39m2025/09/28 18:31:41 [32m    LOG[39m [38;5;3m[RouterExplorer] [39m[32mMapped {/api/decorate/discrete/getPopupAd, GET} route[39m[38;5;3m +0ms[39m
[32m[Nest] 37857  - [39m2025/09/28 18:31:41 [32m    LOG[39m [38;5;3m[RouterExplorer] [39m[32mMapped {/api/decorate/discrete/getHomePage, GET} route[39m[38;5;3m +0ms[39m
[32m[Nest] 37857  - [39m2025/09/28 18:31:41 [32m    LOG[39m [38;5;3m[RouterExplorer] [39m[32mMapped {/api/decorate/discrete/getCategoryPage, GET} route[39m[38;5;3m +0ms[39m
[32m[Nest] 37857  - [39m2025/09/28 18:31:41 [32m    LOG[39m [38;5;3m[RouterExplorer] [39m[32mMapped {/api/decorate/discrete/getCartPage, GET} route[39m[38;5;3m +1ms[39m
[32m[Nest] 37857  - [39m2025/09/28 18:31:41 [32m    LOG[39m [38;5;3m[RouterExplorer] [39m[32mMapped {/api/decorate/discrete/getUserPage, GET} route[39m[38;5;3m +0ms[39m
[32m[Nest] 37857  - [39m2025/09/28 18:31:41 [32m    LOG[39m [38;5;3m[RouterExplorer] [39m[32mMapped {/api/decorate/discrete/getProductPage, GET} route[39m[38;5;3m +0ms[39m
[32m[Nest] 37857  - [39m2025/09/28 18:31:41 [32m    LOG[39m [38;5;3m[RouterExplorer] [39m[32mMapped {/api/decorate/discrete/trackAdClick, POST} route[39m[38;5;3m +0ms[39m
[32m[Nest] 37857  - [39m2025/09/28 18:31:41 [32m    LOG[39m [38;5;3m[RouterExplorer] [39m[32mMapped {/api/decorate/discrete/trackAdView, POST} route[39m[38;5;3m +0ms[39m
[32m[Nest] 37857  - [39m2025/09/28 18:31:41 [32m    LOG[39m [38;5;3m[RoutesResolver] [39m[32mLogController {/api/common}:[39m[38;5;3m +0ms[39m
[32m[Nest] 37857  - [39m2025/09/28 18:31:41 [32m    LOG[39m [38;5;3m[RouterExplorer] [39m[32mMapped {/api/common/log, GET} route[39m[38;5;3m +0ms[39m
[32m[Nest] 37857  - [39m2025/09/28 18:31:41 [32m    LOG[39m [38;5;3m[RouterExplorer] [39m[32mMapped {/api/common/log, POST} route[39m[38;5;3m +0ms[39m
[32m[Nest] 37857  - [39m2025/09/28 18:31:41 [32m    LOG[39m [38;5;3m[RoutesResolver] [39m[32mCommonConfigController {/api/common/config}:[39m[38;5;3m +0ms[39m
[32m[Nest] 37857  - [39m2025/09/28 18:31:41 [32m    LOG[39m [38;5;3m[RouterExplorer] [39m[32mMapped {/api/common/config/themeSettings, GET} route[39m[38;5;3m +0ms[39m
[32m[Nest] 37857  - [39m2025/09/28 18:31:41 [32m    LOG[39m [38;5;3m[RouterExplorer] [39m[32mMapped {/api/common/config/initConfigSettings, GET} route[39m[38;5;3m +0ms[39m
[32m[Nest] 37857  - [39m2025/09/28 18:31:41 [32m    LOG[39m [38;5;3m[RouterExplorer] [39m[32mMapped {/api/common/config/mobileAreaCode, GET} route[39m[38;5;3m +0ms[39m
[32m[Nest] 37857  - [39m2025/09/28 18:31:41 [32m    LOG[39m [38;5;3m[RoutesResolver] [39m[32mApiCsrfController {/api/common/csrf}:[39m[38;5;3m +0ms[39m
[32m[Nest] 37857  - [39m2025/09/28 18:31:41 [32m    LOG[39m [38;5;3m[RouterExplorer] [39m[32mMapped {/api/common/csrf/create, GET} route[39m[38;5;3m +0ms[39m
[32m[Nest] 37857  - [39m2025/09/28 18:31:41 [32m    LOG[39m [38;5;3m[RouterExplorer] [39m[32mMapped {/api/common/csrf/validate, POST} route[39m[38;5;3m +0ms[39m
[32m[Nest] 37857  - [39m2025/09/28 18:31:41 [32m    LOG[39m [38;5;3m[RouterExplorer] [39m[32mMapped {/api/common/csrf/delete, POST} route[39m[38;5;3m +0ms[39m
[32m[Nest] 37857  - [39m2025/09/28 18:31:41 [32m    LOG[39m [38;5;3m[RouterExplorer] [39m[32mMapped {/api/common/csrf/create-user-token, GET} route[39m[38;5;3m +0ms[39m
[32m[Nest] 37857  - [39m2025/09/28 18:31:41 [32m    LOG[39m [38;5;3m[RouterExplorer] [39m[32mMapped {/api/common/csrf/refresh, POST} route[39m[38;5;3m +0ms[39m
[32m[Nest] 37857  - [39m2025/09/28 18:31:41 [32m    LOG[39m [38;5;3m[RoutesResolver] [39m[32mRecommendController {/api/common/recommend}:[39m[38;5;3m +0ms[39m
[32m[Nest] 37857  - [39m2025/09/28 18:31:41 [32m    LOG[39m [38;5;3m[RouterExplorer] [39m[32mMapped {/api/common/recommend/getProductIds, GET} route[39m[38;5;3m +0ms[39m
[32m[Nest] 37857  - [39m2025/09/28 18:31:41 [32m    LOG[39m [38;5;3m[RoutesResolver] [39m[32mTipsManageController {/adminapi/common/tipsManage}:[39m[38;5;3m +0ms[39m
[32m[Nest] 37857  - [39m2025/09/28 18:31:41 [32m    LOG[39m [38;5;3m[RouterExplorer] [39m[32mMapped {/adminapi/common/tipsManage/list, GET} route[39m[38;5;3m +0ms[39m
[32m[Nest] 37857  - [39m2025/09/28 18:31:41 [32m    LOG[39m [38;5;3m[RoutesResolver] [39m[32mHomeController {/api}:[39m[38;5;3m +0ms[39m
[32m[Nest] 37857  - [39m2025/09/28 18:31:41 [32m    LOG[39m [38;5;3m[RouterExplorer] [39m[32mMapped {/api/home/home/index, GET} route[39m[38;5;3m +0ms[39m
[32m[Nest] 37857  - [39m2025/09/28 18:31:41 [32m    LOG[39m [38;5;3m[RouterExplorer] [39m[32mMapped {/api/home/home/pcIndex, GET} route[39m[38;5;3m +0ms[39m
[32m[Nest] 37857  - [39m2025/09/28 18:31:41 [32m    LOG[39m [38;5;3m[RouterExplorer] [39m[32mMapped {/api/home/home/getRecommend, GET} route[39m[38;5;3m +0ms[39m
[32m[Nest] 37857  - [39m2025/09/28 18:31:41 [32m    LOG[39m [38;5;3m[RouterExplorer] [39m[32mMapped {/api/home/home/getSeckill, GET} route[39m[38;5;3m +0ms[39m
[32m[Nest] 37857  - [39m2025/09/28 18:31:41 [32m    LOG[39m [38;5;3m[RouterExplorer] [39m[32mMapped {/api/home/home/getCoupon, GET} route[39m[38;5;3m +0ms[39m
[32m[Nest] 37857  - [39m2025/09/28 18:31:41 [32m    LOG[39m [38;5;3m[RouterExplorer] [39m[32mMapped {/api/home/home/mobileCatNav, GET} route[39m[38;5;3m +0ms[39m
[32m[Nest] 37857  - [39m2025/09/28 18:31:41 [32m    LOG[39m [38;5;3m[RouterExplorer] [39m[32mMapped {/api/home/home/mobileNav, GET} route[39m[38;5;3m +0ms[39m
[32m[Nest] 37857  - [39m2025/09/28 18:31:41 [32m    LOG[39m [38;5;3m[RouterExplorer] [39m[32mMapped {/api/home/home/memberDecorate, GET} route[39m[38;5;3m +0ms[39m
[32m[Nest] 37857  - [39m2025/09/28 18:31:41 [32m    LOG[39m [38;5;3m[RouterExplorer] [39m[32mMapped {/api/home/home/customerServiceConfig, GET} route[39m[38;5;3m +0ms[39m
[32m[Nest] 37857  - [39m2025/09/28 18:31:41 [32m    LOG[39m [38;5;3m[RouterExplorer] [39m[32mMapped {/api/home/home/getCustomerServiceConfig, GET} route[39m[38;5;3m +0ms[39m
[32m[Nest] 37857  - [39m2025/09/28 18:31:41 [32m    LOG[39m [38;5;3m[RouterExplorer] [39m[32mMapped {/api/home/home/friendLinks, GET} route[39m[38;5;3m +0ms[39m
[32m[Nest] 37857  - [39m2025/09/28 18:31:41 [32m    LOG[39m [38;5;3m[RouterExplorer] [39m[32mMapped {/api/product/product/detail, GET} route[39m[38;5;3m +0ms[39m
[32m[Nest] 37857  - [39m2025/09/28 18:31:41 [32m    LOG[39m [38;5;3m[RoutesResolver] [39m[32mVerificationController {/api/common/verification}:[39m[38;5;3m +0ms[39m
[32m[Nest] 37857  - [39m2025/09/28 18:31:41 [32m    LOG[39m [38;5;3m[RouterExplorer] [39m[32mMapped {/api/common/verification/list, GET} route[39m[38;5;3m +0ms[39m
[32m[Nest] 37857  - [39m2025/09/28 18:31:41 [32m    LOG[39m [38;5;3m[RouterExplorer] [39m[32mMapped {/api/common/verification/detail/:id, GET} route[39m[38;5;3m +0ms[39m
[32m[Nest] 37857  - [39m2025/09/28 18:31:41 [32m    LOG[39m [38;5;3m[RouterExplorer] [39m[32mMapped {/api/common/verification/create, POST} route[39m[38;5;3m +0ms[39m
[32m[Nest] 37857  - [39m2025/09/28 18:31:41 [32m    LOG[39m [38;5;3m[RouterExplorer] [39m[32mMapped {/api/common/verification/update/:id, PUT} route[39m[38;5;3m +0ms[39m
[32m[Nest] 37857  - [39m2025/09/28 18:31:41 [32m    LOG[39m [38;5;3m[RouterExplorer] [39m[32mMapped {/api/common/verification/del/:id, DELETE} route[39m[38;5;3m +0ms[39m
[32m[Nest] 37857  - [39m2025/09/28 18:31:41 [32m    LOG[39m [38;5;3m[RouterExplorer] [39m[32mMapped {/api/common/verification/batch, POST} route[39m[38;5;3m +0ms[39m
[32m[Nest] 37857  - [39m2025/09/28 18:31:41 [32m    LOG[39m [38;5;3m[RouterExplorer] [39m[32mMapped {/api/common/verification/statistics, GET} route[39m[38;5;3m +0ms[39m
[32m[Nest] 37857  - [39m2025/09/28 18:31:41 [32m    LOG[39m [38;5;3m[RoutesResolver] [39m[32mPublicVerificationController {/api/common/verification}:[39m[38;5;3m +0ms[39m
[32m[Nest] 37857  - [39m2025/09/28 18:31:41 [32m    LOG[39m [38;5;3m[RouterExplorer] [39m[32mMapped {/api/common/verification/captcha, POST} route[39m[38;5;3m +0ms[39m
[32m[Nest] 37857  - [39m2025/09/28 18:31:41 [32m    LOG[39m [38;5;3m[RouterExplorer] [39m[32mMapped {/api/common/verification/verify, POST} route[39m[38;5;3m +0ms[39m
[32m[Nest] 37857  - [39m2025/09/28 18:31:41 [32m    LOG[39m [38;5;3m[RouterExplorer] [39m[32mMapped {/api/common/verification/debug-decrypt, POST} route[39m[38;5;3m +0ms[39m
[32m[Nest] 37857  - [39m2025/09/28 18:31:41 [32m    LOG[39m [38;5;3m[RouterExplorer] [39m[32mMapped {/api/common/verification/debug-offset, POST} route[39m[38;5;3m +0ms[39m
[32m[Nest] 37857  - [39m2025/09/28 18:31:41 [32m    LOG[39m [38;5;3m[RouterExplorer] [39m[32mMapped {/api/common/verification/check, POST} route[39m[38;5;3m +0ms[39m
[32m[Nest] 37857  - [39m2025/09/28 18:31:41 [32m    LOG[39m [38;5;3m[RoutesResolver] [39m[32mCsrfController {/admin/csrf}:[39m[38;5;3m +0ms[39m
[32m[Nest] 37857  - [39m2025/09/28 18:31:41 [32m    LOG[39m [38;5;3m[RouterExplorer] [39m[32mMapped {/admin/csrf, GET} route[39m[38;5;3m +0ms[39m
[32m[Nest] 37857  - [39m2025/09/28 18:31:41 [32m    LOG[39m [38;5;3m[RouterExplorer] [39m[32mMapped {/admin/csrf/:id, GET} route[39m[38;5;3m +1ms[39m
[32m[Nest] 37857  - [39m2025/09/28 18:31:41 [32m    LOG[39m [38;5;3m[RouterExplorer] [39m[32mMapped {/admin/csrf, POST} route[39m[38;5;3m +0ms[39m
[32m[Nest] 37857  - [39m2025/09/28 18:31:41 [32m    LOG[39m [38;5;3m[RouterExplorer] [39m[32mMapped {/admin/csrf, PUT} route[39m[38;5;3m +0ms[39m
[32m[Nest] 37857  - [39m2025/09/28 18:31:41 [32m    LOG[39m [38;5;3m[RouterExplorer] [39m[32mMapped {/admin/csrf/:id, DELETE} route[39m[38;5;3m +0ms[39m
[32m[Nest] 37857  - [39m2025/09/28 18:31:41 [32m    LOG[39m [38;5;3m[RouterExplorer] [39m[32mMapped {/admin/csrf/batch-delete, POST} route[39m[38;5;3m +0ms[39m
[32m[Nest] 37857  - [39m2025/09/28 18:31:41 [32m    LOG[39m [38;5;3m[RouterExplorer] [39m[32mMapped {/admin/csrf/generate-token, POST} route[39m[38;5;3m +0ms[39m
[32m[Nest] 37857  - [39m2025/09/28 18:31:41 [32m    LOG[39m [38;5;3m[RouterExplorer] [39m[32mMapped {/admin/csrf/validate-token, POST} route[39m[38;5;3m +0ms[39m
[32m[Nest] 37857  - [39m2025/09/28 18:31:41 [32m    LOG[39m [38;5;3m[RouterExplorer] [39m[32mMapped {/admin/csrf/refresh-token, POST} route[39m[38;5;3m +0ms[39m
[32m[Nest] 37857  - [39m2025/09/28 18:31:41 [32m    LOG[39m [38;5;3m[RouterExplorer] [39m[32mMapped {/admin/csrf/type/list, GET} route[39m[38;5;3m +0ms[39m
[32m[Nest] 37857  - [39m2025/09/28 18:31:41 [32m    LOG[39m [38;5;3m[RouterExplorer] [39m[32mMapped {/admin/csrf/status/list, GET} route[39m[38;5;3m +0ms[39m
[32m[Nest] 37857  - [39m2025/09/28 18:31:41 [32m    LOG[39m [38;5;3m[RouterExplorer] [39m[32mMapped {/admin/csrf/stats/info, GET} route[39m[38;5;3m +0ms[39m
[32m[Nest] 37857  - [39m2025/09/28 18:31:41 [32m    LOG[39m [38;5;3m[RouterExplorer] [39m[32mMapped {/admin/csrf/cleanup-expired, POST} route[39m[38;5;3m +0ms[39m
[32m[Nest] 37857  - [39m2025/09/28 18:31:41 [32m    LOG[39m [38;5;3m[RoutesResolver] [39m[32mPublicCsrfController {/common/csrf}:[39m[38;5;3m +0ms[39m
[32m[Nest] 37857  - [39m2025/09/28 18:31:41 [32m    LOG[39m [38;5;3m[RouterExplorer] [39m[32mMapped {/common/csrf/create, GET} route[39m[38;5;3m +0ms[39m
[32m[Nest] 37857  - [39m2025/09/28 18:31:41 [32m    LOG[39m [38;5;3m[RouterExplorer] [39m[32mMapped {/common/csrf/validate, POST} route[39m[38;5;3m +0ms[39m
[32m[Nest] 37857  - [39m2025/09/28 18:31:41 [32m    LOG[39m [38;5;3m[RouterExplorer] [39m[32mMapped {/common/csrf/delete, POST} route[39m[38;5;3m +0ms[39m
[95m[Nest] 37857  - [39m2025/09/28 18:31:41 [95m  DEBUG[39m [38;5;3m[RedisService] [39m[95mRedis connection established successfully[39m
[95m[Nest] 37857  - [39m2025/09/28 18:31:41 [95m  DEBUG[39m [38;5;3m[PrismaService] [39m[95m⚡ PrismaService.onModuleInit 被调用[39m
[95m[Nest] 37857  - [39m2025/09/28 18:31:41 [95m  DEBUG[39m [38;5;3m[PrismaService] [39m[95m✅ Prisma connected[39m
[95m[Nest] 37857  - [39m2025/09/28 18:31:41 [95m  DEBUG[39m [38;5;3m[PrismaService] [39m[95m⚡ PrismaService.onModuleInit 被调用[39m
[95m[Nest] 37857  - [39m2025/09/28 18:31:41 [95m  DEBUG[39m [38;5;3m[PrismaService] [39m[95m✅ Prisma connected[39m
[95m[Nest] 37857  - [39m2025/09/28 18:31:41 [95m  DEBUG[39m [38;5;3m[PrismaService] [39m[95m⚡ PrismaService.onModuleInit 被调用[39m
[95m[Nest] 37857  - [39m2025/09/28 18:31:41 [95m  DEBUG[39m [38;5;3m[PrismaService] [39m[95m✅ Prisma connected[39m
[95m[Nest] 37857  - [39m2025/09/28 18:31:41 [95m  DEBUG[39m [38;5;3m[MicroservicesService] [39m[95msearch microservice connected successfully[39m
[32m[Nest] 37857  - [39m2025/09/28 18:31:41 [32m    LOG[39m [38;5;3m[NestApplication] [39m[32mNest application successfully started[39m[38;5;3m +6ms[39m
[32m[Nest] 37857  - [39m2025/09/28 18:31:41 [32m    LOG[39m [38;5;3m[Application] [39m[32mHTTP server is running on port 3000[39m
[32m[Nest] 37857  - [39m2025/09/28 18:31:41 [32m    LOG[39m [38;5;3m[Application] [39m[32mSwagger documentation is available at http://localhost:3000/api-docs[39m
[95m[Nest] 37857  - [39m2025/09/28 18:31:41 [95m  DEBUG[39m [38;5;3m[MailService] [39m[95m邮件服务连接成功[39m
[95m[Nest] 37857  - [39m2025/09/28 18:32:07 [95m  DEBUG[39m [38;5;3m[JwtStrategy] [39m[95mJWT validate called with payload: {"userId":1,"username":"admin","role":"admin","iat":1759028056,"exp":1759114456}[39m
[95m[Nest] 37857  - [39m2025/09/28 18:32:07 [95m  DEBUG[39m [38;5;3m[JwtStrategy] [39m[95mAuthorization header: Present[39m
[95m[Nest] 37857  - [39m2025/09/28 18:32:07 [95m  DEBUG[39m [38;5;3m[JwtStrategy] [39m[95mJWT Secret configured: Yes[39m
[95m[Nest] 37857  - [39m2025/09/28 18:32:07 [95m  DEBUG[39m [38;5;3m[JwtStrategy] [39m[95mUsing alternative standard format, userId: 1[39m
[95m[Nest] 37857  - [39m2025/09/28 18:32:07 [95m  DEBUG[39m [38;5;3m[JwtStrategy] [39m[95mLooking for user with user_id: 1, found: true[39m
[95m[Nest] 37857  - [39m2025/09/28 18:32:07 [95m  DEBUG[39m [38;5;3m[JwtStrategy] [39m[95mPayload contents: {"userId":1,"username":"admin","role":"admin","iat":1759028056,"exp":1759114456}[39m
[95m[Nest] 37857  - [39m2025/09/28 18:32:07 [95m  DEBUG[39m [38;5;3m[JwtStrategy] [39m[95mUser validation successful for user_id: 1, username: USER_IUCZQ3R8[39m
[95m[Nest] 37857  - [39m2025/09/28 18:32:07 [95m  DEBUG[39m [38;5;3m[HTTP] [39m[95mGET /adminapi/msg/adminMsg/msgCount?startTime=1759028061 200 - 24ms[39m
[95m[Nest] 37857  - [39m2025/09/28 18:32:37 [95m  DEBUG[39m [38;5;3m[JwtStrategy] [39m[95mJWT validate called with payload: {"userId":1,"username":"admin","role":"admin","iat":1759028056,"exp":1759114456}[39m
[95m[Nest] 37857  - [39m2025/09/28 18:32:37 [95m  DEBUG[39m [38;5;3m[JwtStrategy] [39m[95mAuthorization header: Present[39m
[95m[Nest] 37857  - [39m2025/09/28 18:32:37 [95m  DEBUG[39m [38;5;3m[JwtStrategy] [39m[95mJWT Secret configured: Yes[39m
[95m[Nest] 37857  - [39m2025/09/28 18:32:37 [95m  DEBUG[39m [38;5;3m[JwtStrategy] [39m[95mUsing alternative standard format, userId: 1[39m
[95m[Nest] 37857  - [39m2025/09/28 18:32:37 [95m  DEBUG[39m [38;5;3m[JwtStrategy] [39m[95mLooking for user with user_id: 1, found: true[39m
[95m[Nest] 37857  - [39m2025/09/28 18:32:37 [95m  DEBUG[39m [38;5;3m[JwtStrategy] [39m[95mPayload contents: {"userId":1,"username":"admin","role":"admin","iat":1759028056,"exp":1759114456}[39m
[95m[Nest] 37857  - [39m2025/09/28 18:32:37 [95m  DEBUG[39m [38;5;3m[JwtStrategy] [39m[95mUser validation successful for user_id: 1, username: USER_IUCZQ3R8[39m
[95m[Nest] 37857  - [39m2025/09/28 18:32:37 [95m  DEBUG[39m [38;5;3m[HTTP] [39m[95mGET /adminapi/msg/adminMsg/msgCount?startTime=1759028061 200 - 16ms[39m
[95m[Nest] 37857  - [39m2025/09/28 18:33:07 [95m  DEBUG[39m [38;5;3m[JwtStrategy] [39m[95mJWT validate called with payload: {"userId":1,"username":"admin","role":"admin","iat":1759028056,"exp":1759114456}[39m
[95m[Nest] 37857  - [39m2025/09/28 18:33:07 [95m  DEBUG[39m [38;5;3m[JwtStrategy] [39m[95mAuthorization header: Present[39m
[95m[Nest] 37857  - [39m2025/09/28 18:33:07 [95m  DEBUG[39m [38;5;3m[JwtStrategy] [39m[95mJWT Secret configured: Yes[39m
[95m[Nest] 37857  - [39m2025/09/28 18:33:07 [95m  DEBUG[39m [38;5;3m[JwtStrategy] [39m[95mUsing alternative standard format, userId: 1[39m
[95m[Nest] 37857  - [39m2025/09/28 18:33:07 [95m  DEBUG[39m [38;5;3m[JwtStrategy] [39m[95mLooking for user with user_id: 1, found: true[39m
[95m[Nest] 37857  - [39m2025/09/28 18:33:07 [95m  DEBUG[39m [38;5;3m[JwtStrategy] [39m[95mPayload contents: {"userId":1,"username":"admin","role":"admin","iat":1759028056,"exp":1759114456}[39m
[95m[Nest] 37857  - [39m2025/09/28 18:33:07 [95m  DEBUG[39m [38;5;3m[JwtStrategy] [39m[95mUser validation successful for user_id: 1, username: USER_IUCZQ3R8[39m
[95m[Nest] 37857  - [39m2025/09/28 18:33:07 [95m  DEBUG[39m [38;5;3m[HTTP] [39m[95mGET /adminapi/msg/adminMsg/msgCount?startTime=1759028061 200 - 5ms[39m
[95m[Nest] 37857  - [39m2025/09/28 18:33:07 [95m  DEBUG[39m [38;5;3m[AdminJwtStrategy] [39m[95mAdmin JWT validate called with payload: {"userId":1,"username":"admin","role":"admin","iat":1759028056,"exp":1759114456}[39m
[95m[Nest] 37857  - [39m2025/09/28 18:33:07 [95m  DEBUG[39m [38;5;3m[AdminJwtStrategy] [39m[95mAuthorization header: Present[39m
[95m[Nest] 37857  - [39m2025/09/28 18:33:07 [95m  DEBUG[39m [38;5;3m[AdminJwtStrategy] [39m[95mAuth header value: Bearer eyJhbGciOiJIUzI1NiIsInR5cCI6IkpXVCJ9.eyJ1c2VySWQiOjEsInVzZXJuYW1lIjoiYWRtaW4iLCJyb2xlIjoiYWRtaW4iLCJpYXQiOjE3NTkwMjgwNTYsImV4cCI6MTc1OTExNDQ1Nn0.PT0ApM9GDJ2PLJX8LAkLA6hctIpXNzBbYp6Mq7Y6wog[39m
[95m[Nest] 37857  - [39m2025/09/28 18:33:07 [95m  DEBUG[39m [38;5;3m[AdminJwtStrategy] [39m[95mLooking for admin user with admin_id: 1, found: true[39m
[95m[Nest] 37857  - [39m2025/09/28 18:33:07 [95m  DEBUG[39m [38;5;3m[AdminJwtStrategy] [39m[95mAdmin user found: {"admin_id":1,"username":"admin","email":"163123@163.com"}[39m
[95m[Nest] 37857  - [39m2025/09/28 18:33:07 [95m  DEBUG[39m [38;5;3m[AdminJwtStrategy] [39m[95mReturning user object: {"userId":1,"username":"admin","email":"163123@163.com","role":"admin","adminId":1,"roles":["admin"]}[39m
[95m[Nest] 37857  - [39m2025/09/28 18:33:07 [95m  DEBUG[39m [38;5;3m[HTTP] [39m[95mGET /adminapi/panel/salesStatistics/list?statisticType=1&startEndTime=2025&dateType=1 200 - 4ms[39m
[95m[Nest] 37857  - [39m2025/09/28 18:33:09 [95m  DEBUG[39m [38;5;3m[AdminJwtStrategy] [39m[95mAdmin JWT validate called with payload: {"userId":1,"username":"admin","role":"admin","iat":1759028056,"exp":1759114456}[39m
[95m[Nest] 37857  - [39m2025/09/28 18:33:09 [95m  DEBUG[39m [38;5;3m[AdminJwtStrategy] [39m[95mAuthorization header: Present[39m
[95m[Nest] 37857  - [39m2025/09/28 18:33:09 [95m  DEBUG[39m [38;5;3m[AdminJwtStrategy] [39m[95mAuth header value: Bearer eyJhbGciOiJIUzI1NiIsInR5cCI6IkpXVCJ9.eyJ1c2VySWQiOjEsInVzZXJuYW1lIjoiYWRtaW4iLCJyb2xlIjoiYWRtaW4iLCJpYXQiOjE3NTkwMjgwNTYsImV4cCI6MTc1OTExNDQ1Nn0.PT0ApM9GDJ2PLJX8LAkLA6hctIpXNzBbYp6Mq7Y6wog[39m
[95m[Nest] 37857  - [39m2025/09/28 18:33:09 [95m  DEBUG[39m [38;5;3m[AdminJwtStrategy] [39m[95mLooking for admin user with admin_id: 1, found: true[39m
[95m[Nest] 37857  - [39m2025/09/28 18:33:09 [95m  DEBUG[39m [38;5;3m[AdminJwtStrategy] [39m[95mAdmin user found: {"admin_id":1,"username":"admin","email":"163123@163.com"}[39m
[95m[Nest] 37857  - [39m2025/09/28 18:33:09 [95m  DEBUG[39m [38;5;3m[AdminJwtStrategy] [39m[95mReturning user object: {"userId":1,"username":"admin","email":"163123@163.com","role":"admin","adminId":1,"roles":["admin"]}[39m
[95m[Nest] 37857  - [39m2025/09/28 18:33:09 [95m  DEBUG[39m [38;5;3m[HTTP] [39m[95mGET /adminapi/panel/salesStatistics/salesDetail?startTime=2025-08-29&endTime=2025-09-28 200 - 32ms[39m
[95m[Nest] 37857  - [39m2025/09/28 18:33:18 [95m  DEBUG[39m [38;5;3m[AdminJwtStrategy] [39m[95mAdmin JWT validate called with payload: {"userId":1,"username":"admin","role":"admin","iat":1759028056,"exp":1759114456}[39m
[95m[Nest] 37857  - [39m2025/09/28 18:33:18 [95m  DEBUG[39m [38;5;3m[AdminJwtStrategy] [39m[95mAuthorization header: Present[39m
[95m[Nest] 37857  - [39m2025/09/28 18:33:18 [95m  DEBUG[39m [38;5;3m[AdminJwtStrategy] [39m[95mAuth header value: Bearer eyJhbGciOiJIUzI1NiIsInR5cCI6IkpXVCJ9.eyJ1c2VySWQiOjEsInVzZXJuYW1lIjoiYWRtaW4iLCJyb2xlIjoiYWRtaW4iLCJpYXQiOjE3NTkwMjgwNTYsImV4cCI6MTc1OTExNDQ1Nn0.PT0ApM9GDJ2PLJX8LAkLA6hctIpXNzBbYp6Mq7Y6wog[39m
[95m[Nest] 37857  - [39m2025/09/28 18:33:18 [95m  DEBUG[39m [38;5;3m[AdminJwtStrategy] [39m[95mLooking for admin user with admin_id: 1, found: true[39m
[95m[Nest] 37857  - [39m2025/09/28 18:33:18 [95m  DEBUG[39m [38;5;3m[AdminJwtStrategy] [39m[95mAdmin user found: {"admin_id":1,"username":"admin","email":"163123@163.com"}[39m
[95m[Nest] 37857  - [39m2025/09/28 18:33:18 [95m  DEBUG[39m [38;5;3m[AdminJwtStrategy] [39m[95mReturning user object: {"userId":1,"username":"admin","email":"163123@163.com","role":"admin","adminId":1,"roles":["admin"]}[39m
[95m[Nest] 37857  - [39m2025/09/28 18:33:18 [95m  DEBUG[39m [38;5;3m[HTTP] [39m[95mGET /adminapi/panel/salesStatistics/salesIndicators 200 - 9ms[39m
